fecha,captacion_bancaria_total,cetes_28d,confianza_consumidor_banxico,confianza_empresarial_banxico,cpi_g7_oecd,credito_privado_total,debt_gdp_mx_wdi,eurmxn_frankfurter,gdp_mx_wdi,gold_xauusd_stooq,inpc_general,inpc_subyacente,ipc_bmv,nasdaq_stooq,pib_trimestral_desestacionalizado,pib_trimestral_inegi_limpio,population_mx_wdi,remesas_familiares,remittances_mx_wdi,reservas_internacionales,sp500_stooq,tasa_fondeo,tasa_referencia,tasa_reportos,tiie_28d,tiie_91d,tipo_cambio_euro,tipo_cambio_fix,tipo_cambio_historico,tipo_cambio_interbancario,udis,unemployment_mx_wdi,usdeur_frankfurter,usdjpy_frankfurter,usdmxn_frankfurter,usdmxn_stooq
1982-02-28,,,,,,53.32,,,,,,,,,,,,,,,,,,,,,,,,,,,,,,
1982-03-31,,,,,,,,,,,,,,,,,,,,,,,,,,,,,,,,,,,,
1982-04-30,,,,,,37.42,,,,,,,,,,,,,,,,,,,,,,,,,,,,,,
1982-05-31,,,,,,,,,,,,,,,,,,,,,,,,,,,,,,,,,,,,
1982-06-30,,,,,,,,,,,,,,,,,,,,,,,,,,,,,,,,,,,,
1982-07-31,,,,,,40.18,,,,,,,,,,,,,,,,,,,,,,,,,,,,,,
1982-08-31,,,,,,,,,,,,,,,,,,,,,,,,,,,,,,,,,,,,
1982-09-30,,,,,,45.75,,,,,,,,,,,,,,,,,,,,,,,,,,,,,,
1982-10-31,,,,,,,,,,,,,,,,,,,,,,,,,,,,,,,,,,,,
1982-11-30,,,,,,40.54,,,,,,,,,,,,,,,,,,,,,,,,,,,,,,
1982-12-31,,,,,,,,,,,,,,,,,,,,,,,,,,,,,,,,,,,,
1983-01-31,,,,,,,,,,,,,,,,,,,,,,,,,,,,,,,,,,,,
1983-02-28,,,,,,,,,,,,,,,,,,,,,,,,,,,,,,,,,,,,
1983-03-31,,,,,,58.38,,,,,,,,,,,,,,,,,,,,,,,,,,,,,,
1983-04-30,,,,,,60.51,,,,,,,,,,,,,,,,,,,,,,,,,,,,,,
1983-05-31,,,,,,,,,,,,,,,,,,,,,,,,,,,,,,,,,,,,
1983-06-30,,,,,,52.74,,,,,,,,,,,,,,,,,,,,,,,,,,,,,,
1983-07-31,,,,,,59.4,,,,,,,,,,,,,,,,,,,,,,,,,,,,,,
1983-08-31,,,,,,,,,,,,,,,,,,,,,,,,,,,,,,,,,,,,
1983-09-30,,,,,,59.27,,,,,,,,,,,,,,,,,,,,,,,,,,,,,,
1983-10-31,,,,,,56.85,,,,,,,,,,,,,,,,,,,,,,,,,,,,,,
1983-11-30,,,,,,,,,,,,,,,,,,,,,,,,,,,,,,,,,,,,
1983-12-31,,,,,,,,,,,,,,,,,,,,,,,,,,,,,,,,,,,,
1984-01-31,,,,,,,,,,,,,,,,,,,,,,,,,,,,,,,,,,,,
1984-02-29,,,,,,,,,,,,,,,,,,,,,,,,,,,,,,,,,,,,
1984-03-31,,,,,,,,,,,,,,,,,,,,,,,,,,,,,,,,,,,,
1984-04-30,,,,,,,,,,,,,,,,,,,,,,,,,,,,,,,,,,,,
1984-05-31,,,,,,,,,,,,,,,,,,,,,,,,,,,,,,,,,,,,
1984-06-30,,,,,,,,,,,,,,,,,,,,,,,,,,,,,,,,,,,,
1984-07-31,,,,,,,,,,,,,,,,,,,,,,,,,,,,,,,,,,,,
1984-08-31,,,,,,,,,,,,,,,,,,,,,,,,,,,,,,,,,,,,
1984-09-30,,,,,,,,,,,,,,,,,,,,,,,,,,,,,,,,,,,,
1984-10-31,,,,,,,,,,,,,,,,,,,,,,,,,,,,,,,,,,,,
1984-11-30,,,,,,,,,,,,,,,,,,,,,,,,,,,,,,,,,,,,
1984-12-31,,,,,,,,,,,,,,,,,,,,,,,,,,,,,,,,,,,,
1985-01-31,,,,,,69.65,,,,,,,,,,,,,,,,,,,,,,,,,,,,,,
1985-02-28,,,,,,56.74,,,,,,,,,,,,,,,,,,,,,,,,,,,,,,
1985-03-31,,,,,,62.835,,,,,,,,,,,,,,,,,,,,,,,,,,,,,,
1985-04-30,,,,,,58.87,,,,,,,,,,,,,,,,,,,,,,,,,,,,,,
1985-05-31,,,,,,68.1,,,,,,,,,,,,,,,,,,,,,,,,,,,,,,
1985-06-30,,,,,,67.53,,,,,,,,,,,,,,,,,,,,,,,,,,,,,,
1985-07-31,,,,,,56.32,,,,,,,,,,,,,,,,,,,,,,,,,,,,,,
1985-08-31,,,,,,72.17,,,,,,,,,,,,,,,,,,,,,,,,,,,,,,
1985-09-30,,,,,,54.97,,,,,,,,,,,,,,,,,,,,,,,,,,,,,,
1985-10-31,,,,,,61.75,,,,,,,,,,,,,,,,,,,,,,,,,,,,,,
1985-11-30,,,,,,63.99666666666667,,,,,,,,,,,,,,,,,,,,,,,,,,,,,,
1985-12-31,,,,,,65.72,,,,,,,,,,,,,,,,,,,,,,,,,,,,,,
1986-01-31,,,,,,,,,,,,,,,,,,,,,,,,,,,,,,,,,,,,
1986-02-28,,,,,,87.02000000000001,,,,,,,,,,,,,,,,,,,,,,,,,,,,,,
1986-03-31,,,,,,83.75,,,,,,,,,,,,,,,,,,,,,,,,,,,,,,
1986-04-30,,,,,,99.535,,,,,,,,,,,,,,,,,,,,,,,,,,,,,,
1986-05-31,,,,,,80.5,,,,,,,,,,,,,,,,,,,,,,,,,,,,,,
1986-06-30,,,,,,81.32666666666667,,,,,,,,,,,,,,,,,,,,,,,,,,,,,,
1986-07-31,,,,,,91.28,,,,,,,,,,,,,,,,,,,,,,,,,,,,,,
1986-08-31,,,,,,80.5,,,,,,,,,,,,,,,,,,,,,,,,,,,,,,
1986-09-30,,,,,,86.08500000000001,,,,,,,,,,,,,,,,,,,,,,,,,,,,,,
1986-10-31,,,,,,84.75,,,,,,,,,,,,,,,,,,,,,,,,,,,,,,
1986-11-30,,,,,,100.34,,,,,,,,,,,,,,,,,,,,,,,,,,,,,,
1986-12-31,,,,,,85.5,,,,,,,,,,,,,,,,,,,,,,,,,,,,,,
1987-01-31,,,,,,89.68,,,,,,,,,,,,,,,,,,,,,,,,,,,,,,
1987-02-28,,,,,,94.59333333333332,,,,,,,,,,,,,,,,,,,,,,,,,,,,,,
1987-03-31,,,,,,101.94,,,,,,,,,,,,,,,,,,,,,,,,,,,,,,
1987-04-30,,,,,,94.35,,,,,,,,,,,,,,,,,,,,,,,,,,,,,,
1987-05-31,,,,,,94.88499999999999,,,,,,,,,,,,,,,,,,,,,,,,,,,,,,
1987-06-30,,,,,,91.01,,,,,,,,,,,,,,,,,,,,,,,,,,,,,,
1987-07-31,,,,,,91.8,,,,,,,,,,,,,,,,,,,,,,,,,,,,,,
1987-08-31,,,,,,92.495,,,,,,,,,,,,,,,,,,,,,,,,,,,,,,
1987-09-30,,,,,,92.0,,,,,,,,,,,,,,,,,,,,,,,,,,,,,,
1987-10-31,,,,,,104.81,,,,,,,,,,,,,,,,,,,,,,,,,,,,,,
1987-11-30,,,,,,91.63,,,,,,,,,,,,,,,,,,,,,,,,,,,,,,
1987-12-31,,,,,,96.97000000000001,,,,,,,,,,,,,,,,,,,,,,,,,,,,,,
1988-01-31,,,,,,,,,,,,,,,,,,,,,,,,,,,,,,,,,,,,
1988-02-29,,,,,,42.41,,,,,,,,,,,,,,,,,,,,,,,,,,,,,,
1988-03-31,,,,,,82.955,,,,,,,,,,,,,,,,,,,,,,,,,,,,,,
1988-04-30,,,,,,84.86666666666666,,,,,,,,,,,,,,,,,,,,,,,,,,,,,,
1988-05-31,,,,,,,,,,,,,,,,,,,,,,,,,,,,,,,,,,,,
1988-06-30,,,,,,43.46,,,,,,,,,,,,,,,,,,,,,,,,,,,,,,
1988-07-31,,,,,,89.14666666666666,,,,,,,,,,,,,,,,,,,,,,,,,,,,,,
1988-08-31,,,,,,47.010000000000005,,,,,,,,,,,,,,,,,,,,,,,,,,,,,,
1988-09-30,,,,,,40.29,,,,,,,,,,,,,,,,,,,,,,,,,,,,,,
1988-10-31,,,,,,75.765,,,,,,,,,,,,,,,,,,,,,,,,,,,,,,
1988-11-30,,,,,,97.28500000000001,,,,,,,,,,,,,,,,,,,,,,,,,,,,,,
1988-12-31,,,,,,55.8,,,,,,,,,,,,,,,,,,,,,,,,,,,,,,
1989-01-31,,,,,,56.15,,,,,,,,,,,,,,,,,,,,,,,,,,,,,,
1989-02-28,,,,,,49.545,,,,,,,,,,,,,,,,,,,,,,,,,,,,,,
1989-03-31,,,,,,36.97,,,,,,,,,,,,,,,,,,,,,,,,,,,,,,
1989-04-30,,,,,,50.77,,,,,,,,,,,,,,,,,,,,,,,,,,,,,,
1989-05-31,,,,,,44.459999999999994,,,,,,,,,,,,,,,,,,,,,,,,,,,,,,
1989-06-30,,,,,,52.585,,,,,,,,,,,,,,,,,,,,,,,,,,,,,,
1989-07-31,,,,,,37.18,,,,,,,,,,,,,,,,,,,,,,,,,,,,,,
1989-08-31,,,,,,56.35,,,,,,,,,,,,,,,,,,,,,,,,,,,,,,
1989-09-30,,,,,,44.94333333333333,,,,,,,,,,,,,,,,,,,,,,,,,,,,,,
1989-10-31,,,,,,35.57,,,,,,,,,,,,,,,,,,,,,,,,,,,,,,
1989-11-30,,,,,,44.394999999999996,,,,,,,,,,,,,,,,,,,,,,,,,,,,,,
1989-12-31,,,,,,51.02,,,,,,,,,,,,,,,,,,,,,,,,,,,,,,
1990-01-31,,,,,,45.71,,,,,,,,,,,,,,,,,,,,,,,,,,,,,,
1990-02-28,,,,,,30.33,,,,,,,,,,,,,,,,,,,,,,,,,,,,,,
1990-03-31,,,,,,42.59,,,,,,,,,,,,,,,,,,,,,,,,,,,,,,
1990-04-30,,,,,,35.480000000000004,,,,,,,,,,,,,,,,,,,,,,,,,,,,,,
1990-05-31,,,,,,38.865,,,,,,,,,,,,,,,,,,,,,,,,,,,,,,
1990-06-30,,,,,,27.695,,,,,,,,,,,,,,,,,,,,,,,,,,,,,,
1990-07-31,,,,,,32.43,,,,,,,,,,,,,,,,,,,,,,,,,,,,,,
1990-08-31,,,,,,39.47,,,,,,,,,,,,,,,,,,,,,,,,,,,,,,
1990-09-30,,,,,,30.15,,,,,,,,,,,,,,,,,,,,,,,,,,,,,,
1990-10-31,,,,,,36.58,,,,,,,,,,,,,,,,,,,,,,,,,,,,,,
1990-11-30,,,,,,38.92333333333333,,,,,,,,,,,,,,,,,,,,,,,,,,,,,,
1990-12-31,,,,,,30.59,,,,,,,,,,,,,,,,,,,,,,,,,,,,,,
1991-01-31,,,,,,19.36,,,,,,,,,,,,,,,,,,,,,,,,,,,,,,
1991-02-28,,,,,,21.74,,,,,,,,,,,,,,,,,,,,,,,,3.0662,,,,,,
1991-03-31,,,,,,21.200000000000003,,,,,,,,,,,,,,,,,,,,,,,,3.0666,,,,,,
1991-04-30,,,,,,18.63,,,,,,,,,,,,,,,,,,,,,,,,3.066,,,,,,
1991-05-31,,,,,,16.355,,,,,,,,,,,,,,,,,,,,,,,,3.0654,,,,,,
1991-06-30,,,,,,17.34,,,,,,,,,,,,,,,,,,,,,,,,3.0643,,,,,,
1991-07-31,,,,,,21.103333333333335,,,,,,,,,,,,,,,,,,,,,,,,,,,,,,
1991-08-31,,,,,,16.78,,,,,,,,,,,,,,,,,,,,,,,,,,,,,,
1991-09-30,,,,,,21.13,,,,,,,,,,,,,,,,,,,,,,,,3.0625,,,,,,
1991-10-31,,,,,,20.625,,,,,,,,,,,,,,,,,,,,,,,,3.0622,,,,,,
1991-11-30,,,,,,18.846666666666668,,,,,,,,,,,,,,,,3.0681764705882353,,,,,,,,3.0623,,,,,,
1991-12-31,,,,,,17.6,,,,,,,,,,,,,,,,3.0698387096774193,,,,,,,,3.0735,,,,,,
1992-01-31,,,,,,19.25,,,,,,,,,,,,,,,,3.069222580645161,,,,3.099716666666667,,,,3.0989,,,,,,
1992-02-29,,,,,,14.43,,,,,,,,,,,,,,,,3.063948275862069,,,,3.0913125,,,,3.0919,,,,,,
1992-03-31,,,,,,17.009999999999998,,,,,,,,,,,,,,,,3.0675129032258064,,,,3.0922,,,,3.09188,,,,,,
1992-04-30,,,,,,14.51,,,,,,,,,,,,,,,,3.0684133333333334,,,,3.0934375,,,,3.0928375,,,,,,
1992-05-31,,,,,,15.65,,,,,,,,,,,,,,,,3.0981129032258066,,,,3.1055,,,,3.10414,,,,,,
1992-06-30,,,,,,15.7,,,,,,,,,,,,,,,,3.1189033333333334,,,,3.0895333333333337,,,,3.0886,,,,,,
1992-07-31,,,,,,13.25,,,,,,,,,,,,,,,,3.1160806451612904,,,,3.088388888888889,,,,3.0892999999999997,,,,,,
1992-08-31,,,,,,19.5,,,,,,,,,,,,,,,,3.0907935483870967,,,,3.0943125,,,,3.0957749999999997,,,,,,
1992-09-30,,,,,,14.623333333333333,,,,,,,,,,,,,,,,3.0863099999999997,,,,3.0953666666666666,,,,3.093211111111111,,,,,,
1992-10-31,,,,,,16.96,,,,,,,,,,,,,,,,3.1224677419354836,,,,3.08965,,,,3.09026,,,,,,
1992-11-30,,,,,,14.5,,,,,,,,,,,,,,,,3.1198633333333334,,,,3.0961625,,,,3.0940625,,,,,,
1992-12-31,,,,,,14.665,,,,,,,,,,,,,,,,3.1179064516129036,,,,3.0885,,,,3.086866666666667,,,,,,
1993-01-31,,,,,,15.54,,,,,,,,,,,,,,,,3.1104677419354836,,,,3.1116,,,,3.10985,,,,,,
1993-02-28,,,,,,13.38,,,,,,,,,,,,,,,,3.0989357142857146,,,,3.1098125,,,,3.1082,,,,,,
1993-03-31,,,,,,15.34,,,,,,,,,,13759053.956,,,,,,3.1090387096774195,,,,3.111575,,,,3.1132125,,,,,,
1993-04-30,,,,,,16.353333333333335,,,,,,,,,,,,,,,,3.0949733333333334,,,,3.11625,,,,3.1168,,,,,,
1993-05-31,,,,,,13.66,,,,,,,,,,,,,,,,3.122190322580645,,,,3.1165714285714285,,,,3.1166857142857145,,,,,,
1993-06-30,,,,,,14.91,,,,,,,,,,13889145.022,,,,,,3.1213933333333332,,,,3.114225,,,,3.1133125,,,,,,
1993-07-31,,,,,,15.613333333333335,,,,,,,,,,,,,,,,3.1239935483870966,,,,3.11715,,,,3.1151,,,,,,
1993-08-31,,,,,,14.13,,,,,,,,,,,,,,,,3.1132000000000004,,,,3.1167333333333334,,,,3.117122222222222,,,,,,
1993-09-30,,,,,,13.0,,,,,,,,,,13862878.872,,,,,,3.11267,,,,3.130125,,,,3.1296749999999998,,,,,,
1993-10-31,,,,,,15.58,,,,,,,,,,,,,,,,3.1153967741935484,,,,3.13175,,,,3.131725,,,,,,
1993-11-30,,,,,,17.396666666666665,,,,,,,,,,,,,,,,3.151623333333333,,,,3.1289375,,,,3.1292375,,,,,,
1993-12-31,,,,,,13.91,,,,,,,,,,14077352.767,,,,,,3.1075419354838707,,,,3.1295,,,,3.1287,,,,,,
1994-01-31,,,,,,14.0,,,,,,,,,,,,,,,,3.107258064516129,,,,3.29875,,,,3.30175,,,,,,
1994-02-28,,,,,,16.24,,,,,,,,,,,,,,,,3.117,,,,3.307142857142857,,,,3.3094714285714284,,,,,,
1994-03-31,,,,,,11.033333333333333,,,,,,,,,,14100080.573999995,,,,,,3.2912064516129034,,,,3.2890625,,,,3.2889875,,,,,,
1994-04-30,,,,,,16.145,,,,,,,,,,,,,,,,3.3531866666666668,,,,3.305,,,,3.3047666666666666,,,,,,
1994-05-31,,,,,,,,,,,,,,,,,,,,,,3.3126548387096775,,,,3.3552,,,,3.3565,,,,,,
1994-06-30,,,,,,11.965,,,,,,,,,,14655082.637,,,,,,3.3603466666666666,,,,3.3459,,,,3.3488875,,,,,,
1994-07-31,,,,,,15.405000000000001,,,,,,,,,,,,,,,,3.4008032258064516,,,,3.32592,,,,3.3286499999999997,,,,,,
1994-08-31,,,,,,13.765,,,,,,,,,,,,,,,,3.3815419354838707,,,,3.348977777777778,,,,3.3493555555555554,,,,,,
1994-09-30,,,,,,16.49,,,,,,,,,,14488831.889,,,,,,3.4016,,,,3.34325,,,,3.3501625,,,,,,
1994-10-31,,,,,,10.836666666666668,,,,,,,,,,,,,,,,3.415541935483871,,,,3.3032500000000002,,,,3.305975,,,,,,
1994-11-30,,,,,,15.15,,,,,,,,,,,,,,,,3.442693333333333,,,,3.3186444444444443,,,,3.3181333333333334,,,,,,
1994-12-31,,,,,,16.02,,,,,,,,,,14787062.246999998,,,,,,3.9007806451612903,,,,3.347142857142857,,,,3.348542857142857,,,,,,
1995-01-31,,,,,,47.68,,,,,1.205287375,31.17193333333333,,,,,,,,,,5.515564516129031,,,,6.46,,,,6.469383333333333,,,,,,
1995-02-28,,,,,,41.135000000000005,,,,,1.20664225,,,,,,,,,,,5.690982142857143,,,,5.873571428571429,,,,5.913485714285714,,,,,,
1995-03-31,,,,,,36.09,,,,,1.207999125,,,,,14043942.174,,,,,,6.778225806451613,,,89.4825,6.18,,,,6.251477777777778,,,,,,
1995-04-30,,,,,,69.44,,,,,1.1860965555555556,,,,,,,,,,,6.294013333333334,,,85.22037499999999,6.35125,,,,6.352475,,,,,,
1995-05-31,,,,,,35.5,,,,,1.187520111111111,,,,,,,,,,,5.951264516129033,,,60.44625,6.436428571428571,,,,6.389442857142858,,,,,,
1995-06-30,,,,,,58.0,,,,,1.1889457777777777,,,,,13287443.87,,,,,,6.22215,,,49.5,6.3885,,,,6.4148,,,,,,
1995-07-31,,,,,,41.08,,,,,1.1903742222222222,,,,,,,,,,,6.144396774193549,,,43.0,6.461666666666667,,,,6.496477777777778,,,,,,
1995-08-31,,,,,,52.24,,,,,1.191805,,,,,,,,,,,6.191474193548387,,,37.59854,6.496875,,,,6.5362375,,,,,,
1995-09-30,,,,,,49.14333333333334,,,,,1.1932384444444444,,,,,13412238.39,,,,,,6.299133333333333,,,35.480125,6.3725,,,,6.449275,,,,,,
1995-10-31,,,,,,35.25,,,,,1.1946741111111112,,,,,,,,,,,6.703758064516129,,,42.6075,6.34,,,,6.318366666666666,,,,,,
1995-11-30,,,,,,49.97,,,,,1.1957884444444444,,,,,,,,,,,7.66897,,,57.43424,6.379375,,,,6.376962499999999,,,,,,
1995-12-31,,,,,,58.25,,,,,1.1969041111111112,,,,,13857623.55,,,,15741.0,,7.664467741935484,,,51.356275,6.192142857142857,,,,6.1829285714285716,,,,,,
1996-01-31,,,,,,33.325,,,,,1.5305217500000001,14.939816666666667,,,,,,,,15927.725,,7.505751612903226,,,42.657525,7.600285714285714,,,,7.601171428571428,,,,,,
1996-02-29,,,,,,31.61,,,,,1.5316053333333333,,,,,,,,,15623.85,,7.496734482758621,,,40.1055,7.580111111111112,,,,7.5757666666666665,,,,,,
1996-03-31,,,,,,30.025,,,,,1.53268975,,,,,14237650.096,,,,15765.24,,7.571367741935484,,,42.929199999999994,7.58525,,,,7.5764375,,,,,,
1996-04-30,,,,,,37.445,,,,,1.53377525,,,,,,,,,15659.175,,7.470266666666666,,,36.613749999999996,7.6380625,,,,7.632675,,,,,,
1996-05-31,,,,,,26.244999999999997,,,,,1.5348614999999999,,,,,,,,,15938.579999999998,,7.43556129032258,,,30.309545454545454,7.647812500000001,,,,7.64765,,,,,,
1996-06-30,,,,,,26.28,,,,,1.5359486666666669,,,,,14340821.386000002,,,,15772.3,,7.5454,,,30.10525,7.638875,,,,7.6332,,,,,,
1996-07-31,,,,,,35.86,,,,,1.5370365,,,,,,,,,15653.9,,7.622674193548387,,,33.48978260869565,7.592071428571429,,,,7.583399999999999,,,,,,
1996-08-31,,,,,,31.595,,,,,1.53812525,,,,,,,,,15677.560000000001,,7.5164193548387095,,,29.357613636363634,7.5935,,,,7.590433333333333,,,,,,
1996-09-30,,,,,,30.6,,,,,1.5392151666666667,,,,,14412887.421,,,,15526.475,,7.544143333333333,,,26.822250000000004,7.582666666666666,,,,7.573222222222223,,,,,,
1996-10-31,,,,,,22.74,,,,,1.5403056666666668,,,,,,,,,15799.925,,7.6853225806451615,,,28.684565217391306,7.575875,,,,7.57695,,,,,,
1996-11-30,,,,,,34.3625,,,,,1.5412166666666665,,,,,,,,,16078.939999999999,,7.926713333333334,,,32.284,7.662333333333333,,,,7.652711111111111,,,,,,
1996-12-31,,,,,,26.46,,,,,1.542128,,,,,15005156.934000002,,,,16673.425,,7.873277419354839,,,29.919249999999998,7.589777777777777,,,,7.586766666666667,,,,,,
1997-01-31,,,,,,,,,,,1.8677058333333332,8.889266666666666,,,,,,,,18066.3,,7.831832258064516,,,25.95977272727273,7.925700000000001,,,,7.9201,,,,,,
1997-02-28,,,,,,21.18,,,,,1.8686975,,,,,,,,,19271.55,,7.795967857142857,,,22.106315789473683,7.91025,,,,7.91005,,,,,,
1997-03-31,,,,,,20.905,,,,,1.86968975,,,,,14809591.398,,,,20150.6,,7.946770967741935,,,23.950833333333335,7.944599999999999,,,,7.94221,,,,,,
1997-04-30,,,,,,17.869999999999997,,,,,1.8706826666666665,,,,,,,,,20919.45,,7.90451,,,23.98034090909091,7.967333333333333,,,,7.959755555555556,,,,,,
1997-05-31,,,,,,19.3,,,,,1.8716764166666666,,,,,,,,,21877.9,,7.911187096774194,,,20.64725,7.989583333333333,,,,7.985666666666667,,,,,,
1997-06-30,,,,,,20.52,,,,,1.8726710833333333,,,,,15584335.623000002,,,,21907.875,,7.945243333333334,,,22.531666666666666,7.9334999999999996,,,,7.932375,,,,,,
1997-07-31,,,,,,18.35,,,,,1.8736660833333334,,,,,,,,,22285.4,,7.884741935483871,,,20.495217391304347,7.927722222222223,,,,7.923,,,,,,
1997-08-31,,,,,,18.37,,,,,1.8746620833333332,,,,,,,,,22856.56,,7.783861290322581,,,20.636785714285715,7.8824375,,,,7.87795,,,,,,
1997-09-30,,,,,,20.61,,,,,1.8756587500000002,,,,,15624252.001000002,,,,23754.575,,7.780306666666666,,,20.23425,7.898125,,,,7.8952375,,,,,,
1997-10-31,1088.5,,,,,20.35,,,,,1.8766560833333334,,,,,,,,,25551.879999999997,,7.7968,,,19.69717391304348,7.93465,,,,7.93322,,,,,,
1997-11-30,1081.75,,,,,18.994999999999997,,,,,1.8772963333333335,,,,,,,,,25515.1,,8.29472,,,22.171315789473685,7.9623333333333335,,,,7.957911111111112,,,,,,
1997-12-31,1081.2,,,,,20.43,,,,,1.8779366666666668,,,,,16153434.161000002,,,,26741.025,,8.13196129032258,,,20.48190476190476,7.944714285714285,,,,7.937885714285715,,,,,,
1998-01-31,1078.0,,,,,34.45,,,,,2.160030416666667,9.67315,,,,,,,,28448.8,,8.18743870967742,,,19.740238095238094,9.3398,,,,9.33818,,,,,,
1998-02-28,1081.75,,,,,19.945,,,,,2.1611209166666665,,,,,,,,,28594.425,,8.487171428571429,,,20.51578947368421,9.072611111111112,,,,9.067566666666668,,,,,,
1998-03-31,1081.5,,,,,36.23,,,,,2.1622120833333334,,,,,16337214.143,,,,29305.475,,8.568635483870969,,,21.689318181818184,9.151611111111112,,,,9.148222222222223,,,,,,
1998-04-30,1078.4,,,,,18.295,,,,,2.16330375,,,,,,,,,30560.659999999996,,8.50291,,,20.55175,9.15875,,,,9.1632625,,,,,,
1998-05-31,1081.5,,,,,25.560000000000002,,,,,2.164396,,,,,,,,,30393.9,,8.564393548387097,,,19.895263157894735,9.122333333333334,,,,9.1062,,,,,,
1998-06-30,1081.5,,,,,19.89,,,,,2.165489,,,,,16539597.626,,,,30000.975,,8.89559,,,21.469545454545454,8.907277777777777,,,,8.911222222222221,,,,,,
1998-07-31,1078.0,,,,,17.38,,,,,2.1665825,,,,,,,,,30151.32,,8.905164516129032,,,21.880434782608695,9.178875,,,,9.1802375,,,,,,
1998-08-31,1080.75,,,,,24.96666666666667,,,,,2.1676766666666665,,,,,,,,,29673.925,,9.268283870967743,,,25.780714285714286,9.1664375,,,,9.1740375,,,,,,
1998-09-30,1082.6666666666667,,,,,20.31,,,,,2.1687715,,,,,16552799.275,,,,29178.575,,10.233123333333333,,,42.0395,9.279,,,,9.273766666666667,,,,,,
1998-10-31,1078.0,,,,,35.94,,,,,2.16986675,,,,,,,,,28989.52,,10.166306451612904,,,37.654318181818184,9.330125,,,,9.3225,,,,,,
1998-11-30,1081.5,,,,,19.13,,,,,2.1707277499999997,,,,,,,,,29046.7,,9.998773333333334,,,34.77578947368421,9.284125,,,,9.28555,,,,,,
1998-12-31,1079.6,,,,,23.166666666666668,,,,,2.17158925,,,,,16587365.487999998,,,,29543.32,,9.901145161290323,,,36.69113636363637,9.0220625,,,,9.0281375,,,,,,
1999-01-31,1083.25,,,,,20.42,,,,,2.5346671666666665,7.2605916666666666,,,,,,,,30302.3,,10.120470967741936,,,35.7955,9.666142857142857,,,,9.670585714285712,,,,,,
1999-02-28,1081.5,,,,,18.29,,,,,2.53569725,,,,,,,,,30550.45,,10.011235714285714,,,32.205263157894734,9.64942857142857,,,,9.637714285714285,,,,,,
1999-03-31,1081.0,,,,,20.67,,,,,2.536728,,,,,16704973.281999998,,,,30595.48,,9.762616129032258,,,26.870434782608694,9.6115625,,,,9.6055125,,,,,,
1999-04-30,1078.0,,,,,25.19666666666667,,,,,2.5377593333333333,,,,,,,,,30360.45,,9.45919,,,22.54025,9.650875,,,,9.6444375,,,,,,
1999-05-31,1081.5,,,,,20.55,,,,,2.5387913333333336,,,,,,,,,30019.525,,9.367535483870968,,,22.52,9.559928571428571,,,,9.5573,,,,,,
1999-06-30,1081.5,,,,,19.93,,,,,2.539823833333333,,,,,16929118.024,,,,30213.9,,9.538336666666668,,,23.595227272727275,9.462125,,,,9.456925,,,,,,
1999-07-31,1078.0,,,,,24.189999999999998,,,,,2.5408570833333335,,,,,,,,,30858.48,,9.365641935483872,,,22.111136363636362,9.4934375,,,,9.4771,,,,,,
1999-08-31,1081.5,,,,,20.06,,,,,2.5418906666666667,,,,,,,,,30916.175000000003,,9.39798064516129,,,23.1275,9.580400000000001,,,,9.57885,,,,,,
1999-09-30,1081.0,,,,,17.93,,,,,2.54292475,,,,,17050482.211,,,,30957.8,,9.340613333333332,,,22.040375,9.557166666666667,,,,9.561666666666667,,,,,,
1999-10-31,1078.0,,,,,21.44,,,,,2.5439595833333333,,,,,,,,,30928.879999999997,,9.541651612903227,,,20.631190476190476,9.5651875,,,,9.5512625,,,,,,
1999-11-30,1081.5,,,,,23.77,,,,,2.54465925,,,,,,,,,30204.1,,9.414993333333333,,,19.005714285714287,9.587625,,,,9.589575,,,,,,
1999-12-31,1080.2,,,,,21.69,,,,,2.545359,,,,,17151190.783,,,,30701.5,,9.420387096774194,,,18.745454545454546,9.587277777777778,,,,9.589222222222222,,,,,,
2000-01-31,1077.5,,,,,16.285,,,,,2.787267583333333,4.841733333333333,,,,,,0.0,,31021.875,,9.48693870967742,,,18.551190476190477,9.43525,,,,9.430716666666667,,,,,,
2000-02-29,1081.5,,,,,14.96,,,,,2.7879930833333333,,,,,,,,,31461.425,,9.440317241379311,,,18.151904761904763,9.429,,,,9.425749999999999,,,,,,
2000-03-31,1080.8,,,,,15.905000000000001,,,,,2.788718916666667,,,,,17649705.005,,,,32937.64,,9.296899999999999,,,15.76909090909091,9.415333333333333,,,,9.422555555555554,,,,,,
2000-04-30,,,,,,12.84,,,,,2.789445,,,,,,,,,33964.15,,9.383803333333333,,,14.736944444444443,9.392444444444443,,,,9.391977777777777,,,,,,
2000-05-31,,,,,,15.22,,,,,2.7901711666666666,,,,,,,,,33687.85,,9.502196774193548,,,15.917142857142856,9.443642857142859,,,,9.442571428571428,,,,,,
2000-06-30,,,,,,14.543333333333335,,,,,2.7908975833333334,,,,,17862016.739,,,,32476.120000000003,,9.78969,,,17.437954545454545,9.472277777777778,,,,9.473977777777778,,,,,,
2000-07-31,,,,,,15.945,,,,,2.7916244166666666,,,,,,,,,31827.35,,9.485648387096774,,,15.125714285714285,9.4714,,,,9.46142,,,,,,
2000-08-31,,,,,,14.7,,,,,2.792351083333333,,,,,,,,,32789.8,,9.283545161290322,,,16.61554347826087,9.458375,,,,9.4607875,,,,,,
2000-09-30,,,,,,15.635,,,,,2.793078166666667,,,,,18020884.404000003,,,,30996.3,,9.330676666666667,,,16.770057142857144,9.504285714285714,,,,9.507128571428572,,,,,,
2000-10-31,861.0,,,,,15.455,,,,,2.7938055,,,,,,,,,32196.225,,9.522377419354838,,,17.38016818181818,9.436833333333333,,,,9.437422222222223,,,,,,
2000-11-30,1078.3333333333333,,,,,14.54,,,,,2.7943653333333334,,,,,,,,,32485.9,,9.521809999999999,,,18.64225,9.433055555555557,,,,9.421088888888889,,,,,,
2000-12-31,1070.5,,,,,15.2,,,,,2.794925166666667,,,,,17714811.387000002,,,,32756.625,,9.457416129032257,,,18.39402777777778,9.520785714285713,,,,9.514385714285714,,,,,,
2001-01-31,1070.0,,,,,13.636666666666665,,,,,2.979950666666667,2.49095,,,,,,0.0,,33909.225,,9.767987096774194,,,18.61909090909091,9.436666666666666,,,,9.435916666666666,,,,,,
2001-02-28,1049.0,,,,,8.34,,,,,2.9803726666666663,,,,,,,,,36260.1,,9.701839285714286,,,18.11921052631579,9.418444444444445,,,,9.425433333333334,,,,,,
2001-03-31,1071.0,,,,,13.25,,,,,2.980795,,,,,17764232.953,,,,37713.840000000004,,9.615767741935484,,,17.280952380952378,9.329,,,,9.328525,,,,,,
2001-04-30,1036.5,,,,,13.48,,,,,2.9812172500000003,,,,,,,,,38193.225,,9.344456666666668,,,16.361052631578946,9.3208125,,,,9.3166625,,,,,,
2001-05-31,1078.0,,,,,12.185,,,,,2.98163975,,,,,,,,,38515.1,,9.150061290322581,,,14.09125,9.368166666666667,,,,9.365233333333332,,,,,,
2001-06-30,1050.0,,,,,7.465,,,,,2.9820622500000002,,,,,17874019.34,,,,38963.979999999996,,9.09773,,,11.643928571428571,9.323444444444444,,,,9.321111111111112,,,,,,
2001-07-31,1078.0,,,,,10.39,,,,,2.9824851666666667,,,,,,,,,38705.7,,9.160748387096774,,,11.099545454545455,9.3274375,,,,9.319849999999999,,,,,,
2001-08-31,1061.6666666666667,,,,,13.726666666666667,,,,,2.9829081666666664,,,,,,,,,38775.1,,9.12428064516129,,,9.289782608695651,9.387062499999999,,,,9.391237499999999,,,,,,
2001-09-30,1064.0,,,,,7.24,,,,,2.9833311666666664,,,,,17761059.865000002,,,,39204.25,,9.38729,,,10.9475,9.408555555555555,,,,9.407511111111111,,,,,,
2001-10-31,1036.0,,,,,12.94,,,,,2.9837545833333334,,,,,,,,,39575.875,,9.360006451612902,,,10.338478260869564,9.3186875,,,,9.3198,,,,,,
2001-11-30,1078.0,,,,,13.89,,,,,2.9841574166666667,,,,,,,,,40155.479999999996,,9.219923333333332,,,8.9,9.349625,,,,9.3455,,,,,,
2001-12-31,1050.0,,,,,9.42,,,,,2.9845605,,,,,17526889.777999997,,,,40043.1,,9.173916129032257,,,7.941578947368422,9.477125000000001,,,,9.473312499999999,,,,,,
2002-01-31,1061.6666666666667,,,,,6.71,,,,,3.1260123333333336,3.0224333333333333,,,,,,0.0,,41063.375,,9.159125806451614,,,7.9675,9.632357142857144,,,,9.630957142857142,,,,,,
2002-02-28,1050.0,,,,,5.67,,,,,3.1266434166666666,,,,,,,,,41903.875,,9.109285714285715,,,8.990263157894736,9.6870625,,,,9.683525,,,,,,
2002-03-31,1022.5,,,,,7.57,,,,,3.1272747499999998,,,,,17079137.485,,,,42090.28,,9.077925806451614,,,8.470277777777778,9.69025,,,,9.689924999999999,,,,,,
2002-04-30,994.0,,,,,7.205,,,,,3.127906416666667,,,,,,,,,41392.05,,9.143976666666667,,,6.849318181818182,9.6615,,,,9.66849,,,,,,
2002-05-31,966.0,,,,,6.635,,,,,3.1285380000000003,,,,,,,,,41338.659999999996,,9.479467741935483,,,7.727954545454546,9.75675,,,,9.74975,,,,,,
2002-06-30,938.0,,,,,7.0,,,,,3.1291698333333335,,,,,18016798.15,,,,42132.85,,9.75009,,,8.41975,9.70975,,,,9.7035,,,,,,
2002-07-31,,,,,,7.486666666666667,,,,,3.1298021666666664,,,,,,,,,43067.075,,9.79253870967742,,,8.335652173913044,9.6018125,,,,9.598225,,,,,,
2002-08-31,,,,,,6.53,,,,,3.1304345,,,,,,,,,44090.840000000004,,9.833690322580646,,,7.613636363636363,9.547555555555554,,,,9.548266666666667,,,,,,
2002-09-30,,,,,,6.58,,,,,3.1310670833333334,,,,,17828003.405,,,,44550.9,,10.041773333333333,,,8.373000000000001,9.7186875,,,,9.707825,,,,,,
2002-10-31,,,,,,7.1850000000000005,,,,,3.1316998333333337,,,,,,,,,44740.375,,10.090987096774194,,,8.671956521739132,9.7114375,,,,9.7096625,,,,,,
2002-11-30,,,,,,6.756666666666667,,,,,3.1319797499999997,,,,,,,,,45119.64,,10.191640000000001,,,8.33125,9.6602,,,,9.65946,,,,,,
2002-12-31,,,,,,6.87,,,,,3.132259916666667,,,,,17834460.01,,,,45789.55,,10.199196774193547,,,8.255500000000001,9.6148125,,,,9.6047125,,,,,,
2003-01-31,,,,,,,,,,,3.2749283333333334,2.2790916666666665,,,,,,90099.25,,48471.159999999996,,10.553035483870968,,,9.14340909090909,10.866083333333334,,,,10.861849999999999,,,,,,
2003-02-28,,,,,,6.07,,,,,3.2753525833333335,,,,,,,,,49902.35,,10.914707142857143,,,9.905131578947367,10.7021875,,,,10.6867125,,,,,,
2003-03-31,,,,,,6.550000000000001,,,,,3.2757770833333333,,,,,17609605.878,,,,50805.950000000004,,10.93968064516129,,,9.961,10.811499999999999,,,,10.80514,,,,,,
2003-04-30,,,,,,5.645,,,,,3.2762016666666667,,,,,,,,,52334.975,,10.631043333333334,,,8.58195,10.806444444444445,,,,10.807133333333333,,,,,,
2003-05-31,,,,,,4.72,,,,,3.2766265000000003,,,,,,,,,53775.48,,10.255787096774194,,,5.917142857142857,10.818928571428572,,,,10.812385714285714,,,,,,
2003-06-30,,,,,,7.646666666666666,,,,,3.2770515000000002,,,,,18082663.85,,,,53342.175,,10.497673333333333,,,5.788809523809523,10.7791875,,,,10.7827,,,,,,
2003-07-31,,,,,,4.31,,,,,3.2774765,,,,,,,,,52585.975,,10.442835483870967,,,5.298586956521739,10.741444444444445,,,,10.732133333333334,,,,,,
2003-08-31,,,,,,5.82,,,,,3.2779016666666667,,,,,,,,,51530.979999999996,,10.738412903225807,,,4.9730952380952385,10.735375000000001,,,,10.735425,,,,,,
2003-09-30,,,,,,6.72,,,,,3.2783271666666667,,,,,17859147.302,,,,51454.05,,10.917736666666666,,,5.046428571428571,10.755062500000001,,,,10.7396375,,,,,,
2003-10-31,,,,,,6.58,,,,,3.2787528333333333,,,,,,,,,52499.52,,11.179593548387096,,,5.595921739130435,10.8949,,,,10.88586,,,,,,
2003-11-30,,,,,,5.154999999999999,,,,,3.2790209166666666,,,,,,,,,54388.05,,11.132653333333334,,,5.354494736842105,10.824055555555555,,,,10.832322222222222,,,,,,
2003-12-31,,,,,,5.64,,,,,3.27928925,,,,,18045854.589,,,,55753.075,,11.253729032258066,,,6.397733333333333,10.776142857142858,,,,10.775371428571429,,,,,,
2004-01-31,,,,,,6.425,,,,,3.4228619166666667,4.1465000000000005,,,,,,0.0,,57743.81999999999,,10.960674193548387,,2417.3333333333335,5.3569,11.3209375,,,,11.326012500000001,,,,,,
2004-02-29,,,,,,7.83,,,,,3.423424166666667,,,,,,,,,58855.125,,11.018503448275863,,2426.5,5.791494736842105,11.2722,,,,11.26324,,,,,,
2004-03-31,,,,,,6.57,,,,,3.4239869166666668,,,,,18185015.464,,,,58729.35,,10.997829032258064,,2414.2,6.48505652173913,11.3073125,,,,11.30745,,,,,,
2004-04-30,,,,,,6.403333333333333,,,,,3.4245495,,,,,,,,,58447.880000000005,,11.242646666666667,,2427.0,6.168305,11.298857142857143,,,,11.300557142857143,,,,,,
2004-05-31,,,,,,7.17,,,,,3.4251123333333333,,,,,,,,,58356.325,,11.507774193548387,,2418.5,6.9476666666666675,11.2705,,,,11.2608125,,,,,,
2004-06-30,,,,,,6.47,,,,,3.425675416666667,,,,,18770260.284,,,,58522.350000000006,,11.375020000000001,,2432.8333333333335,7.024768181818183,11.286888888888889,,,,11.281611111111111,,,,,,
2004-07-31,,,,,,6.805,,,,,3.4262385833333333,,,,,,,,,58456.619999999995,,11.4764,,2442.0,7.112631818181819,11.30275,,,,11.3123,,,,,,
2004-08-31,,,,,,6.09,,,,,3.426802,,,,,,,,,57659.35,,11.3992,,2410.3333333333335,7.4999590909090905,11.2708125,,,,11.2735,,,,,,
2004-09-30,,,,,,7.83,,,,,3.4273658333333334,,,,,18461379.993999995,,,,57448.75,,11.492563333333333,,2419.5,7.775666666666666,11.278333333333332,,,,11.277088888888889,,,,,,
2004-10-31,,,,,,6.59,,,,,3.4279294166666667,,,,,,,,,57758.54,,11.390554838709678,,2428.6666666666665,8.045485714285714,11.35925,,,,11.3501875,,,,,,
2004-11-30,,,,,,7.1,,,,,3.428373666666667,,,,,,,,,58484.95,,11.383226666666667,,2443.0,8.597959090909091,11.309357142857143,,,,11.291357142857143,,,,,,
2004-12-31,,,,,,6.41,,,,,3.4288180833333333,,,,,18733374.373,,,,61018.56,,11.207690322580644,,2436.0,8.930621739130435,11.25,,,,11.244433333333333,,,,,,
2005-01-31,,,,303861.0,,8.96,,,,,3.5687794166666666,1.8986333333333334,,,,,,0.0,,61586.525,,11.260674193548386,,2494.4444444444443,8.968333333333334,10.850444444444443,,,,10.850422222222221,,,,,,
2005-02-28,,,,,,9.64,,,,,3.5691125833333337,,,,,,,,,61525.600000000006,,11.147028571428573,,2496.25,9.467,10.831375,,,,10.8267125,,,,,,
2005-03-31,,,,,,9.066666666666668,,,,,3.5694458333333334,,,,,18271688.439,,,,61752.075,,11.138735483870967,,2498.25,9.777,10.9184375,,,,10.9253625,,,,,,
2005-04-30,,,,,,9.62,,,,,3.5697790833333336,,,,,,,,,60623.81999999999,,11.126686666666666,,2497.5555555555557,10.014285714285714,10.934888888888889,,,,10.939722222222223,,,,,,
2005-05-31,,,,,,9.77,,,,,3.5701125833333336,,,,,,,,,59882.7,,10.989083870967743,,2491.625,10.122272727272728,10.8368125,,,,10.838775,,,,,,
2005-06-30,,,,,,8.775,,,,,3.5704461666666667,,,,,19218715.204,,,,60493.4,,10.831016666666667,,2500.0,10.01,10.884025,,,,10.8861375,,,,,,
2005-07-31,,,,,,9.625,,,,,3.5707799166666665,,,,,,,,,59270.96,,10.690570967741936,,2506.4,10.014761904761905,10.9078,,,,10.90965,,,,,,
2005-08-31,,,,,,8.89,,,,,3.5711138333333334,,,,,,,,,59284.475,,10.667664516129033,,2498.3333333333335,9.984347826086957,10.835055555555556,,,,10.832144444444445,,,,,,
2005-09-30,,,,,,9.64,,,,,3.5714478333333335,,,,,18883270.709,,,,61373.48,,10.780283333333333,,2489.25,9.649285714285714,10.84225,,,,10.843350000000001,,,,,,
2005-10-31,,,,,,9.063333333333334,,,,,3.5717819166666662,,,,,,,,,62434.575,,10.838609677419354,,2503.5,9.408452380952381,10.9293125,,,,10.9279125,,,,,,
2005-11-30,,,,,,9.61,,,,,3.5719974166666666,,,,,,,,,65201.075,,10.68757,,2512.3333333333335,9.1675,10.922611111111111,,,,10.920733333333333,,,,,,
2005-12-31,,,,,,9.81,,,,,3.5722134166666666,,,,,19343329.136,,,,67355.28,,10.615193548387097,,2514.1428571428573,8.721785714285714,10.885642857142857,,,,10.888071428571427,,,,,,
2006-01-31,,,,86047.16666666667,,7.029999999999999,,,,,3.693984,3.410391666666667,,,,,,0.0,,69197.05,,10.569638709677418,,2494.8333333333335,8.412045454545455,10.814,,,,10.807049999999998,,,,,,
2006-02-28,,,,,,7.57,,,,,3.69445975,,,,,,,,,67234.675,,10.484257142857142,,2509.8571428571427,7.968289473684211,10.842428571428572,,,,10.839057142857143,,,,,,
2006-03-31,,,,,,7.05,,,,,3.6949354166666666,,,,,19362570.756,,,,67427.7,,10.697719354838709,,2519.1111111111113,7.677159090909091,10.841033333333334,,,,10.833066666666667,,,,,,
2006-04-30,,,,,,7.03,,,,,3.695411333333333,,,,,,,,,69116.875,,11.029943333333334,,2515.875,7.514722222222222,10.901625,,,,10.9026375,,,,,,
2006-05-31,,,,,,7.515000000000001,,,,,3.6958875,,,,,,,,,73174.75,,11.071516129032258,,2511.875,7.319772727272727,10.9585625,,,,10.9659875,,,,,,
2006-06-30,,,,,,7.119999999999999,,,,,3.6963639166666664,,,,,20116112.951,,,,76914.46,,11.387023333333333,,2506.6666666666665,7.333409090909091,10.931555555555555,,,,10.93441111111111,,,,,,
2006-07-31,,,,,,7.04,,,,,3.6968400833333335,,,,,,,,,78230.6,,11.039216129032258,,2498.1111111111113,7.311666666666666,10.916766666666668,,,,10.916544444444446,,,,,,
2006-08-31,,,,,,7.01,,,,,3.69731675,,,,,,,,,71775.3,,10.876170967741935,,2489.0,7.300778260869565,10.9096875,,,,10.91245,,,,,,
2006-09-30,,,,,,7.3933333333333335,,,,,3.697793666666667,,,,,19836008.957,,,,66382.36,,10.975583333333333,,2503.25,7.3083857142857145,10.8486875,,,,10.852975,,,,,,
2006-10-31,,,,,,7.03,,,,,3.698270666666667,,,,,,,,,68016.54999999999,,10.912448387096774,,2512.1111111111113,7.313331818181819,10.839444444444446,,,,10.838622222222222,,,,,,
2006-11-30,176.0,,,,,7.02,,,,,3.6986249166666667,,,,,,,,,68920.28,,10.879050000000001,,2508.875,7.302225,10.905787499999999,,,,10.90945,,,,,,
2006-12-31,,,,,,7.3999999999999995,,,,,3.6989791666666663,,,,,20040523.076,,,,69072.55,,10.870841935483872,,2509.4285714285716,7.338127777777777,10.990885714285714,,,,11.006157142857143,,,,,,
2007-01-31,,,,695627.4166666666,,7.183333333333334,,,,,3.8418864166666666,0.6664333333333333,,,,,,0.0,,67968.85,,10.931922580645162,,2505.0,7.405068181818181,10.914416666666668,,,,10.906566666666668,,,,,,
2007-02-28,,,,,,7.19,,,,,3.8423763333333336,,,,,,,,,68383.04999999999,,10.981975,,2519.875,7.456642105263158,10.946875,,,,10.943249999999999,,,,,,
2007-03-31,,,,,,7.25,,,,,3.842866583333333,,,,,19745597.365,,,,69182.87999999999,,11.122367741935484,,2516.0,7.455390476190476,10.9030625,,,,10.898475,,,,,,
2007-04-30,,,,,,7.073333333333333,,,,,3.84335675,,,,,,,,,69324.925,,10.990806666666666,,2512.125,7.466647368421053,10.889624999999999,,,,10.885075,,,,,,
2007-05-31,,,,,,7.18,,,,,3.8438475000000003,,,,,,,,,69657.15,,10.835822580645162,,2502.375,7.699777272727274,10.90525,,,,10.9020875,,,,,,
2007-06-30,,,,,,7.325,,,,,3.8443381666666667,,,,,20509471.918,,,,69700.76,,10.835186666666665,,2492.875,7.703552380952381,10.910625,,,,10.911249999999999,,,,,,
2007-07-31,,,,,,7.21,,,,,3.844829166666667,,,,,,,,,70423.90000000001,,10.799593548387097,,2489.0,7.704127272727273,10.931875,,,,10.936612499999999,,,,,,
2007-08-31,,,,,,7.176666666666667,,,,,3.8453205,,,,,,,,,71075.51999999999,,11.042429032258063,,2503.125,7.708760869565218,10.935375,,,,10.9366875,,,,,,
2007-09-30,,,,,,7.19,,,,,3.845811916666667,,,,,20266835.203,,,,72542.6,,11.037616666666667,,2512.0,7.704009999999999,10.929,,,,10.9269,,,,,,
2007-10-31,,,,,,7.24,,,,,3.8463035,,,,,,,,,74521.95,,10.840632258064515,,2509.0,7.732717391304347,10.9370625,,,,10.933775,,,,,,
2007-11-30,,,,,,7.115,,,,,3.84661825,,,,,,,,,76182.22,,10.858213333333333,,2505.125,7.933764999999999,10.9065625,,,,10.9047,,,,,,
2007-12-31,,,,,,7.09,,,,,3.846933083333333,,,,,20482204.664999995,,,,77347.075,,10.852058064516129,,2502.1111111111113,7.932557894736843,10.971388888888889,,,,10.967666666666666,,,,,,
2008-01-31,,,7.5,406258.0833333333,,,,,,,4.025625833333334,,,,,,,0.0,,79212.625,,10.917406451612903,,2512.285714285714,7.925986363636364,10.95257142857143,,,,10.953857142857142,,,,,,
2008-02-29,,,7.5,,,8.12,,,,,4.02643725,,,,,,,,,80457.26,,10.784613793103448,,2512.375,7.928319999999999,10.9734375,,,,10.957875,,,,,,
2008-03-31,,,7.5,,,7.54,,,,,4.027249083333333,,,,,19902921.79,,,,82611.85,,10.730854838709677,,2507.0,7.931205555555555,11.192555555555556,,,,11.1903,,,,,,
2008-04-30,,,7.5,,,8.105,,,,,4.02806125,,,,,,,,,84370.575,,10.525563333333332,,2501.8888888888887,7.935522727272727,11.033,,,,11.03111111111111,,,,,,
2008-05-31,,,7.5,,,7.45,,,,,4.02887375,,,,,,,,,84824.5,,10.458041935483871,,2489.375,7.9327000000000005,11.124500000000001,,,,11.137425,,,,,,
2008-06-30,,,7.583333333333333,,,7.26,,,,,4.02968625,,,,,20998503.91,,,,85274.85,,10.328616666666667,,2499.8571428571427,8.00232380952381,10.970785714285714,,,,11.014957142857142,,,,,,
2008-07-31,,,7.858695652173913,,,7.765,,,,,4.03049925,,,,,,,,,84466.9,,10.237609677419355,,2512.5555555555557,8.282869565217391,10.992444444444445,,,,10.990488888888889,,,,,,
2008-08-31,,,8.130952380952381,,,7.43,,,,,4.0313125,,,,,,,,,79080.06,,10.091964516129034,,2508.0,8.557619047619047,11.122277777777777,,,,11.133244444444445,,,,,,
2008-09-30,,,8.25,,,7.99,,,,,4.032126166666667,,,,,20495872.627,,,,82154.625,,10.60434,,2505.375,8.660357142857142,11.0910625,,,,11.147725,,,,,,
2008-10-31,,,8.25,,,7.546666666666667,,,,,4.032940083333333,,,,,,,,,78319.66,,12.489474193548388,,2500.0,8.676413043478261,11.463222222222221,,,,11.441966666666666,,,,,,
2008-11-30,,,8.25,,,8.105,,,,,4.033476583333333,,,,,,,,,81589.725,,13.094689999999998,,2494.9,8.733947368421052,11.0745,,,,11.07497,,,,,,
2008-12-31,,,8.25,,,7.47,,,,,4.03401325,,,,,20370948.404,,,,84818.55,,13.373629032258064,,2484.1428571428573,8.73967619047619,10.906714285714287,,,,10.892871428571429,,,,,,
2009-01-31,,,7.991935483870968,201899.58333333334,,4.51,,,,,4.253466166666667,,,,,,,0.0,,84498.72,,13.86394193548387,,2542.0,8.414766666666667,13.352333333333334,,,,13.36125,,,,,,
2009-02-28,,,7.669642857142857,,,5.535,,,,,4.254067166666666,,,,,,,,,81158.65,,14.502185714285714,,2503.5,7.936594736842105,13.698625,,,,13.684775,,,,,,
2009-03-31,,,7.209677419354839,,,4.49,,,,,4.254668416666667,,,,,18537259.15,,,,79693.975,,14.720825806451613,,2487.0,7.642738095238095,13.658166666666666,,,,13.636333333333333,,,,,,
2009-04-30,,,6.4,,,5.08,,,,,4.255269833333333,,,,,,,,,77727.45999999999,,13.47903,,2486.0,6.677365,13.614875,,,,13.59285,,,,,,
2009-05-31,,,5.588709677419355,,,6.31,,,,,4.2558715000000005,,,,,,,,,76175.475,,13.250651612903225,,2500.0,5.779954999999999,13.7277375,,,,13.7168375,,,,,,
2009-06-30,,,5.05,,,4.5,,,,,4.256473166666667,,,,,18827563.207,,,,74489.525,,13.343736666666667,,2499.0,5.261845454545455,13.62811111111111,,,,13.6404,,,,,,
2009-07-31,,,4.629032258064516,,,5.54,,,,,4.2570749999999995,,,,,,,,,73646.64,,13.366793548387095,,2528.0,4.9172,13.242437500000001,,,,13.2237625,,,,,,
2009-08-31,,,4.5,,,6.22,,,,,4.2576772499999995,,,,,,,,,73930.85,,13.013935483870968,,2527.0,4.889409523809523,13.2843375,,,,13.2880625,,,,,,
2009-09-30,,,4.5,,,4.65,,,,,4.2582794999999996,,,,,19292209.618,,,,76536.225,,13.407566666666666,,2496.0,4.911104761904762,13.669622222222223,,,,13.686655555555555,,,,,,
2009-10-31,,,4.5,,,4.475,,,,,4.258881916666667,,,,,,,,,79501.56,,13.252590322580646,,2480.0,4.925272727272727,13.692125,,,,13.7015625,,,,,,
2009-11-30,,,4.5,,,5.1,,,,,4.259150833333333,,,,,,,,,80878.15,,13.13145,,2479.0,4.931168421052631,13.5903125,,,,13.5786375,,,,,,
2009-12-31,,,4.5,,,6.256666666666667,,,,,4.259419916666666,,,,,19963698.742,,,,87609.18000000001,,12.85556129032258,,2493.0,4.930613636363637,13.6581875,,,,13.663975,,,,,,
2010-01-31,,,4.5,178750.16666666666,-0.581639887282332,4.6,,,,,4.426488083333333,,,,,,,0.0,,91520.75,,12.832629032258065,,,4.91003,12.721785714285716,,,,12.717985714285716,,,,,,
2010-02-28,,,4.5,,17.2573407300095,4.415,,,,,4.427112666666667,,,,,,,,,93780.675,,12.961846428571429,,,4.917342105263158,12.79142857142857,,,,12.78567142857143,,,,,,
2010-03-31,,,4.5,,23.9880239520958,4.58,,,,,4.427737583333333,,,,,19371870.87,,,,94882.74,,12.604651612903226,,,4.923181818181818,12.596925,,,,12.60945,,,,,,
2010-04-30,,,4.5,,5.03556313841927,4.2700000000000005,,,,,4.42836275,,,,,,,,,97095.675,,12.26208,,,4.937015000000001,12.6601625,,,,12.6722125,,,,,,
2010-05-31,,,4.5,,26.5662296537082,4.56,,,,,4.428988166666667,,,,,,,,,98042.3,,12.682467741935485,,,4.943523809523809,12.658244444444444,,,,12.659088888888888,,,,,,
2010-06-30,,,4.5,,21.8773691638382,4.49,,,,,4.429614166666666,,,,,20180561.281000003,,,,99150.04999999999,,12.718183333333334,,,4.937654545454546,12.643475,,,,12.6467875,,,,,,
2010-07-31,,,4.5,,2.95146360192053,4.34,,,,,4.43024025,,,,,,,,,102885.4,,12.833406451612904,,,4.919290909090909,12.7159,,,,12.714825,,,,,,
2010-08-31,,,4.5,,22.4013581414427,4.51,,,,,4.43086675,,,,,,,,,106111.925,,12.729522580645162,,,4.904209090909091,12.67696,,,,12.67405,,,,,,
2010-09-30,,,4.5,,17.5198804446238,4.32,,,,,4.4314935,,,,,20200797.993,,,,107202.0,,12.864209999999998,,,4.9006300000000005,12.650311111111112,,,,12.648077777777779,,,,,,
2010-10-31,,,4.5,,2.55272761548029,4.59,,,,,4.432120833333333,,,,,,,,,109455.63999999998,,12.455687096774193,,,4.870790476190476,12.66905,,,,12.6655125,,,,,,
2010-11-30,,,4.5,,19.9566756485444,4.273333333333333,,,,,4.4325149999999995,,,,,,,,,110515.475,,12.31381,,,4.865164999999999,12.6337125,,,,12.618974999999999,,,,,,
2010-12-31,,,4.5,,18.0541849368724,4.54,,,,,4.432909666666666,,,,,20676573.450000003,,,,112193.56000000001,,12.400580645161291,,,4.88745652173913,12.57338888888889,,,,12.568644444444445,,,,,,
2011-01-31,,,4.5,260552.41666666666,0.579110205319264,4.25,,,,,4.580888333333333,,,,,,,0.0,,117364.425,,12.153206451612903,,2513.6666666666665,4.858990476190476,12.277522222222222,,,,12.2718,,,,,,
2011-02-28,,,4.5,,16.2221887398925,4.43,,,,,4.581375,,,,,,,,,119579.175,,12.077121428571429,,2501.5,4.8410631578947365,12.136471428571427,,,,12.140185714285716,,,,,,
2011-03-31,,,4.5,,18.4362020670337,4.213333333333334,,,,,4.581861916666667,,,,,20091352.134,,,,121981.5,,12.019170967741935,,2500.5,4.840768181818182,12.350675,,,,12.3420375,,,,,,
2011-04-30,,,4.5,,3.29288519643118,3.96,,,,,4.58234925,,,,,,,,,124226.1,,11.755363333333333,,2499.5,4.846084210526316,12.298411111111111,,,,12.302622222222222,,,,,,
2011-05-31,,,4.5,,17.1261502885791,4.24,,,,,4.5828369166666665,,,,,,,,,126541.475,,11.652335483870967,,2487.3333333333335,4.847154545454545,12.3879375,,,,12.376525,,,,,,
2011-06-30,,,4.5,,16.0985319731276,4.255,,,,,4.583324833333333,,,,,20682934.148,,,,129309.15,,11.80157,,2486.3333333333335,4.8454227272727275,12.318625,,,,12.314025,,,,,,
2011-07-31,,,4.5,,0.995882357205512,4.22,,,,,4.5838132499999995,,,,,,,,,131608.6,,11.670693548387096,,2496.5,4.821342857142857,12.4387,,,,12.453666666666667,,,,,,
2011-08-31,,,4.5,,16.4687046207693,4.25,,,,,4.584302,,,,,,,,,135343.675,,12.2,,2506.6666666666665,4.808,12.315955555555554,,,,12.324133333333332,,,,,,
2011-09-30,,,4.5,,18.2625726325951,4.37,,,,,4.584790916666667,,,,,20950181.654,,,,136797.14,,12.923406666666667,,2505.6666666666665,4.777595238095238,12.46375,,,,12.4522375,,,,,,
2011-10-31,,,4.5,,1.33975275765477,4.226666666666667,,,,,4.585280166666666,,,,,,,,,139052.175,,13.468677419354838,,2502.6666666666665,4.794266666666666,12.3706625,,,,12.369037500000001,,,,,,
2011-11-30,,,4.5,,10.7398631090283,3.99,,,,,4.58567575,,,,,,,,,140099.25,,13.637123333333333,,2501.6666666666665,4.799825,12.281744444444445,,,,12.267877777777777,,,,,,
2011-12-31,,,4.5,,9.39167004196865,4.27,,,,,4.586071166666667,,,,,21475374.341,,,,141391.7,,13.748129032258065,,2488.3333333333335,4.798061904761904,12.223242857142859,,,,12.23482857142857,,,,,,
2012-01-31,,,4.5,202768.41666666666,1.85875975836958,4.3,,,,,4.769382333333334,,,,,,,0.0,,145201.15,,13.488016129032257,,2510.1666666666665,4.787345454545455,13.219299999999999,,,,13.20075,,,,,,
2012-02-29,,,4.5,,9.56484162309321,4.165,,,,,4.7699723333333335,,,,,,,,,147966.7,,12.803558620689655,,2496.0,4.78423,13.1137375,,,,13.1086875,,,,,,
2012-03-31,,,4.5,,6.76496733731864,4.33,,,,,4.770562583333334,,,,,21083780.264,,,,148757.02,,12.757809677419354,,2495.5555555555557,4.7692523809523815,13.072688888888889,,,,13.059422222222222,,,,,,
2012-04-30,,,4.5,,-0.11657936283889,4.225,,,,,4.771153,,,,,,,,,152252.8,,13.02576,,2487.875,4.743826315789474,13.2580375,,,,13.2710625,,,,,,
2012-05-31,,,4.5,,4.37097452827135,4.245,,,,,4.77174375,,,,,,,,,154056.2,,13.53816129032258,,2490.5,4.760209090909091,13.2390875,,,,13.24395,,,,,,
2012-06-30,,,4.5,,7.01473836921758,4.2,,,,,4.772335,,,,,21522112.932,,,,156255.13999999998,,13.97611,,2497.125,4.763290476190476,13.298525,,,,13.28885,,,,,,
2012-07-31,,,4.5,,-1.57801353480266,4.35,,,,,4.7729265,,,,,,,,,158400.225,,13.391945161290323,,2510.375,4.7778909090909085,13.0948375,,,,13.0960125,,,,,,
2012-08-31,,,4.5,,1.43142583120205,4.265,,,,,4.7735182499999995,,,,,,,,,160471.22,,13.183329032258065,,2506.8571428571427,4.788165217391304,13.148985714285715,,,,13.141185714285713,,,,,,
2012-09-30,,,4.5,,3.85844014159125,4.215,,,,,4.774110333333334,,,,,21479008.347000003,,,,161298.775,,13.004493333333333,,2493.1111111111113,4.802305,13.139533333333333,,,,13.135311111111111,,,,,,
2012-10-31,,,4.5,,0.171232876712329,4.34,,,,,4.7747028333333335,,,,,,,,,161329.325,,12.869145161290323,,2488.5555555555557,4.816973913043478,13.113166666666666,,,,13.123566666666667,,,,,,
2012-11-30,,,4.5,,2.19786338723919,4.17,,,,,4.7751305,,,,,,,,,162539.41999999998,,13.101516666666667,,2480.875,4.842805,13.281675,,,,13.2759875,,,,,,
2012-12-31,,,4.5,,3.78297895806581,4.226666666666667,,,,,4.775558333333334,,,,,22071206.475000005,,,,163343.45,,12.872983870967742,,2500.0,4.842089473684211,13.23655,,,,13.2488,,,,,,
2013-01-31,,,4.5,204156.33333333334,1.0249592162978,3.88,,,,,4.949651416666667,,,,,,,0.0,,163370.32499999998,,12.71281935483871,,2492.714285714286,4.841322727272727,12.815157142857142,,,,12.815842857142858,,,,,,
2013-02-28,,,4.5,,3.41242545672546,3.76,,,,,4.9503414999999995,,,,,,,,,165138.19999999998,,12.716382142857142,,2498.625,4.82311052631579,12.819125,,,,12.817875,,,,,,
2013-03-31,,,4.112903225806452,,-1.56746516744072,3.74,,,,,4.9510320000000005,,,,,21025801.071,,,,165926.74,,12.548961290322582,,2505.25,4.4823666666666675,12.8696,,,,12.865437499999999,,,,,,
2013-04-30,,,4.0,,-0.108984690835555,3.84,,,,,4.951722833333333,,,,,,,,,166437.65,,12.215603333333332,,2506.1111111111113,4.334563636363637,12.895511111111112,,,,12.884033333333333,,,,,,
2013-05-31,,,4.0,,0.444995736103574,3.605,,,,,4.952413666666667,,,,,,,,,167435.02,,12.239448387096775,,2497.5555555555557,4.316454545454546,12.858588888888889,,,,12.855577777777777,,,,,,
2013-06-30,,,4.0,,1.54976661069431,3.71,,,,,4.953105083333333,,,,,21893508.366000004,,,,167085.925,,12.950203333333333,,2505.0,4.303635,12.79355,,,,12.7963375,,,,,,
2013-07-31,,,4.0,,0.775946199174284,3.8833333333333333,,,,,4.9537967499999995,,,,,,,,,167023.57499999998,,12.7692,,2508.75,4.3183043478260865,12.759375,,,,12.7548625,,,,,,
2013-08-31,,,4.0,,3.33225646319074,3.84,,,,,4.954488416666667,,,,,,,,,169622.86000000002,,12.883483870967742,,2513.1111111111113,4.30615,12.717166666666666,,,,12.706033333333332,,,,,,
2013-09-30,,,3.7916666666666665,,-0.859248063480068,3.71,,,,,4.955180666666666,,,,,21702816.348,,,,171035.975,,13.089743333333333,,2503.875,4.1049050000000005,12.6845625,,,,12.692074999999999,,,,,,
2013-10-31,,,3.693548387096774,,0.103166708261421,3.76,,,,,4.95587325,,,,,,,,,172852.075,,13.021703225806451,,2498.25,3.9768565217391303,12.7052,,,,12.7182625,,,,,,
2013-11-30,,,3.5,,5.39166848282948,3.66,,,,,4.956179083333334,,,,,,,,,174799.87999999998,,13.064093333333334,,2503.6,3.78953,12.816030000000001,,,,12.80736,,,,,,
2013-12-31,,,3.5,,1.13937406538686,3.65,,,,,4.956484833333334,,,,,22268119.771,,,,176132.575,,13.001045161290323,,2514.875,3.7903350000000002,12.7228875,,,,12.7238,,,,,,
2014-01-31,,,3.5,209960.41666666666,1.650810119781,,,,,,5.147189583333334,,,,,,,0.0,,177265.64,,13.201038709677418,,2464.5,3.7819727272727275,13.265666666666666,,,,13.273333333333333,,,,,,
2014-02-28,,,3.5,,0.774229965369418,3.005,,,,,5.147976416666666,,,,,,,,,180016.05,,13.290671428571429,,2479.0,3.787052631578947,13.207625,,,,13.2106125,,,,,,
2014-03-31,,,3.5,,5.0186248641937,3.035,,,,,5.14876325,,,,,21547782.386,,,,181321.525,,13.214851612903225,,2471.8888888888887,3.8012950000000005,13.290111111111111,,,,13.298444444444446,,,,,,
2014-04-30,,,3.5,,2.16098569829751,2.8,,,,,5.149550666666667,,,,,,,,,183613.55,,13.077116666666665,,2454.0,3.8064349999999996,13.289277777777777,,,,13.292566666666666,,,,,,
2014-05-31,,,3.5,,5.15575314130468,3.29,,,,,5.150338416666667,,,,,,,,,186821.68,,12.956232258064516,,2450.75,3.802509523809524,13.348749999999999,,,,13.3476625,,,,,,
2014-06-30,,,3.0833333333333335,,2.73745050744095,3.0833333333333335,,,,,5.151126333333333,,,,,22320155.957,,,,188764.825,,12.975703333333334,,2470.25,3.4286476190476187,13.200875,,,,13.2068,,,,,,
2014-07-31,,,3.0,,-0.798655109221892,2.78,,,,,5.15191475,,,,,,,,,190246.825,,12.973,,2472.6666666666665,3.297508695652174,13.19261111111111,,,,13.198633333333333,,,,,,
2014-08-31,,,3.0,,4.85892938843984,3.25,,,,,5.152703083333333,,,,,,,,,190654.82,,13.15001935483871,,2465.375,3.2985523809523807,13.2663125,,,,13.27465,,,,,,
2014-09-30,,,3.0,,3.03305180351862,3.0149999999999997,,,,,5.153492333333333,,,,,22258188.361,,,,190919.275,,13.211313333333333,,2472.0,3.2893142857142856,13.2668125,,,,13.2645875,,,,,,
2014-10-31,,,3.0,,0.242746856250095,3.0250000000000004,,,,,5.154281583333334,,,,,,,,,190949.97999999998,,13.474541935483872,,2463.0,3.2919130434782606,13.332699999999999,,,,13.335849999999999,,,,,,
2014-11-30,,,3.0,,-0.169863296972741,2.8449999999999998,,,,,5.1546407499999995,,,,,,,,,192113.975,,13.590296666666665,,2447.0,3.287321052631579,13.366722222222222,,,,13.366155555555556,,,,,,
2014-12-31,,,3.0,,0.529870909636746,2.92,,17.8679,,,5.155000083333333,,,,,22939645.109,,,,192731.3,,14.453035483870968,,2441.0,3.2997238095238095,13.21492857142857,,,,13.213014285714285,,,0.82366,119.62,,
2015-01-31,,,3.0,232249.33333333334,1.72795022282167,3.02,,17.078171428571427,,1254.2209523809524,5.300417,,,4182.6415,,,,0.0,,193686.96000000002,2028.1785,14.673954838709678,,2437.4,3.30162380952381,16.084500000000002,,,,16.104033333333334,,,0.8608647619047619,118.28,,
2015-02-28,,,3.0,,-4.12374255372295,3.0,,16.93099,,1226.4865,5.30075825,,,4343.448947368421,,,,,,195753.525,2082.1957894736843,14.904375,,2412.1666666666665,3.2970894736842107,15.911785714285713,,,,15.894857142857143,,,0.881106,118.6715,,
2015-03-31,,,3.0,,-6.03353358901032,3.0999999999999996,,16.494063636363634,,1179.3531818181818,5.3010995,,,4389.157272727272,,22169554.672,,,,195319.675,2079.9904545454547,15.209970967741935,,2416.1666666666665,3.3029095238095243,15.865375,,,,15.8649875,,,0.9230209090909092,120.34045454545453,,
2015-04-30,,,3.0,,-0.74078603688206,2.97,,16.428795,,1199.905238095238,5.301441416666667,,,4418.90619047619,,,,,,195374.41999999998,2094.862857142857,15.227456666666665,,2425.3333333333335,3.2965150000000003,15.882375,,,,15.88935,,,0.9278919999999999,119.61749999999999,,
2015-05-31,,,3.0,,-6.43551275652506,2.9266666666666663,,17.037835,,1199.2909523809524,5.30178325,,,4476.3855,,,,,,194542.8,2111.9435,15.253606451612903,,2422.1428571428573,3.30117,15.673187500000001,,,,15.69435,,,0.897068,120.87349999999999,,
2015-06-30,,,3.0,,-6.39142985817331,3.02,,17.346745454545456,,1182.5063636363636,5.3021255,,,4481.683636363636,,22843018.011,,,,193031.75,2099.283636363636,15.450556666666667,,2431.0,3.3046636363636366,15.647444444444444,,,,15.656655555555554,,,0.89187,123.73045454545455,,
2015-07-31,,,3.0,,-1.21047304730473,2.98,,17.529704347826087,,1130.84,5.302467833333334,,,4528.42,,,,,,191360.06,2094.1436363636367,15.876229032258063,,2433.1428571428573,3.3035217391304346,15.927875,,,,15.9373,,,0.9094926086956522,123.39739130434782,,
2015-08-31,,,3.0,,-10.120571295596,2.705,,18.433319047619047,,1119.5538095238096,5.3028105000000005,,,4422.740952380952,,,,,,187795.9,2039.8661904761907,16.50887741935484,,2440.8571428571427,3.3161666666666667,15.830375,,,,15.815825,,,0.8979785714285714,123.12857142857142,,
2015-09-30,,,3.0,,-7.89097930707939,2.99,,18.88213181818182,,1125.4013636363636,5.303153583333333,,,4261.608095238095,,23011745.778000005,,,,183002.925,1944.4023809523808,16.83229,,2420.25,3.3343000000000003,15.819749999999999,,,,15.8323,,,0.8912072727272728,120.17590909090909,,
2015-10-31,,,3.0,,-2.63733679229146,3.1550000000000002,,18.6216,,1158.18,5.30349675,,,4445.489090909091,,,,,,178075.44,2024.8127272727272,16.59931935483871,,2425.8571428571427,3.3050181818181814,15.959833333333332,,,,15.968033333333333,,,0.8902213636363636,120.02181818181818,,
2015-11-30,,,3.0,,-10.5287298498961,2.96,,17.860457142857143,,1085.1461904761904,5.303781916666666,,,4653.219999999999,,,,,,172839.875,2080.6165,16.632193333333333,,2418.3333333333335,3.3163,16.074312499999998,,,,16.060675,,,0.9315766666666667,122.58380952380953,,
2015-12-31,,,3.120967741935484,,-10.5340958296627,2.9433333333333334,,18.549977272727276,1213294467779.98,1068.920909090909,5.304067166666667,,,4628.013181818183,,23448298.577,121072306.0,,26824907167.0,174376.06,2054.0795454545455,17.012777419354837,,2427.5,3.415127272727273,15.656625,,,,15.643862500000001,,4.311,0.9194513636363637,121.69227272727272,,
2016-01-31,,,3.25,314179.9166666667,1.74854325389515,4.955,,19.603935,,1098.2604999999999,5.441524833333333,,,4259.323684210526,,,,0.0,,175272.35,1918.5978947368421,17.945648387096774,,,3.55659,18.716562500000002,,,,18.71225,,,0.92086,118.1665,,
2016-02-29,,,3.4741379310344827,,-6.55745470335136,3.8,,20.482585714285715,,1201.3709523809525,5.442196166666666,,,4129.5655,,,,,,175025.65,1904.4185000000002,18.459203448275865,,,3.75062,18.5965,,,,18.622042857142855,,,0.9016004761904762,114.8090476190476,,
2016-03-31,,,3.75,,-7.58795866689734,4.3149999999999995,,19.594342857142856,,1245.4504545454545,5.442868,,,4377.110909090909,,22537030.226,,,,176448.875,2021.9540909090908,17.672083870967743,,,4.062685,18.550285714285714,,,,18.562385714285714,,,0.9011152380952381,112.97285714285714,,
2016-04-30,,,3.75,,1.1596511697481,3.69,,19.840176190476193,,1242.2861904761903,5.4435399166666665,,,4491.743809523809,,,,,,177687.47999999998,2075.535238095238,17.48096,,,4.064233333333333,18.232666666666667,,,,18.2265,,,0.8819142857142857,109.60952380952382,,
2016-05-31,,,3.75,,-5.91248548746431,3.77,,20.495527272727273,,1256.4904545454547,5.444212416666667,,,4379.428571428572,,,,,,177425.4,2065.5504761904763,18.05380322580645,,,4.075022727272727,18.586666666666666,,,,18.584566666666667,,,0.8842045454545455,108.94772727272726,,
2016-06-30,,,3.7666666666666666,,-5.12343244735389,4.7,,20.942954545454544,,1276.4486363636363,5.444885083333333,,,4426.979090909091,,23359954.704,,,,177324.325,2083.8913636363636,18.621266666666667,,,4.101218181818182,18.5924375,,,,18.5596375,,,0.890645,105.47772727272728,,
2016-07-31,,,4.25,,1.92729262242661,3.67,,20.545285714285715,,1339.7861904761905,5.445558416666667,,,4592.5545,,,,,,177380.02,2148.902,18.588106451612905,,,4.559785714285714,18.568666666666665,,,,18.583777777777776,,,0.9034838095238096,104.12761904761904,,
2016-08-31,,,4.25,,-0.104373154253813,4.91,,20.713478260869568,,1338.3947826086958,5.44623175,,,4785.70652173913,,,,,,176525.725,2177.4821739130434,18.460112903225806,,,4.590630434782608,18.5146,,,,18.50553,,,0.8919660869565217,101.22652173913043,,
2016-09-30,,,4.283333333333333,,-0.0795174335949109,3.78,,21.50340909090909,,1326.5227272727273,5.446905583333333,,,4813.31238095238,,23214541.76,,,,176054.68,2157.6909523809527,19.11921,,,4.611019047619048,18.802500000000002,,,,18.79955,,,0.8919072727272728,101.87272727272726,,
2016-10-31,,,4.75,,1.60977069336017,4.295,,20.838904761904764,,1265.5133333333333,5.44757975,,,4845.313809523809,,,,,,175223.35,2143.0209523809526,18.973193548387098,,,5.108561904761904,18.676714285714286,,,,18.700257142857144,,,0.9070361904761904,103.82714285714285,,
2016-11-30,,,4.983333333333333,,0.181906880214319,3.71,,21.679954545454546,,1234.1136363636363,5.447885416666666,,,4791.780952380952,,,,,,174495.5,2164.985714285714,19.969463333333334,,,5.336275,18.55927777777778,,,,18.570866666666667,,,0.9263272727272728,108.3468181818182,,
2016-12-31,,,5.524193548387097,,4.74314897025935,3.77,,21.61885714285714,1112233497452.7,1150.8771428571429,5.44819125,,,4886.329047619048,,23982436.29,122251351.0,,29328819630.0,175958.41999999998,2246.6290476190475,20.54281612903226,,,5.8390095238095245,18.3783125,,,,18.385925,,3.853,0.948637619047619,116.11047619047619,,
2017-01-31,,,5.75,724274.4166666666,1.25570236018556,6.875,,22.657681818181818,,1194.2885714285715,5.746357416666666,,,5056.7985,,,,0.0,,174778.525,2275.116,21.39549677419355,,2431.4285714285716,6.127995454545455,18.979285714285712,,,,18.94727142857143,,,0.9422068181818181,115.08045454545454,,
2017-02-28,,,6.107142857142857,,0.0,6.0649999999999995,,21.60265,,1235.0885,5.74780175,,,5261.226315789474,,,,,,175006.2,2329.9105263157894,20.35245714285714,,2448.1428571428573,6.438763157894737,19.2655,,,,19.248871428571427,,,0.939663,112.9145,,
2017-03-31,,,6.266129032258065,,7.57958693931735,6.99,,20.633347826086958,,1231.2482608695652,5.749247166666667,,,5386.221739130435,,23306072.295,,,,174791.1,2366.822173913043,19.41648064516129,,2458.6666666666665,6.627954545454545,19.0835,,,,19.0913,,,0.9360173913043479,112.95652173913044,,
2017-04-30,,,6.5,,0.773294247436731,6.5,,20.12963888888889,,1270.3252631578948,5.750692999999999,,,5447.856842105263,,,,,,175000.075,2359.3094736842104,18.78121666666667,,2460.125,6.866122222222222,18.7450625,,,,18.7546375,,,0.9327016666666668,110.31944444444444,,
2017-05-31,,,6.612903225806452,,5.36939610968909,6.425000000000001,,20.765818181818183,,1245.6865217391305,5.752140166666667,,,5687.36,,,,,,174982.675,2395.345909090909,18.799709677419358,,2466.75,6.977881818181817,18.842875,,,,18.8342875,,,0.904504090909091,112.23681818181818,,
2017-06-30,,,6.825,,6.27712105341912,6.74,,20.378636363636364,,1260.0045454545455,5.753588000000001,,,5766.9631818181815,,23710327.773,,,,174505.24,2433.9854545454546,18.208146666666668,,2455.5555555555557,7.2149,18.962611111111112,,,,18.95262222222222,,,0.8905550000000001,110.94136363636363,,
2017-07-31,,,7.0,,-0.0181593037895873,7.0,,20.529095238095238,,1237.2757142857142,5.755036583333333,,,5816.114,,,,,,173697.45,2454.1025,17.854590322580645,,2437.6666666666665,7.366361904761905,18.765944444444447,,,,18.767577777777777,,,0.8688395238095238,112.49571428571429,,
2017-08-31,,,7.0,,3.69656423630797,6.74,,21.03326086956522,,1284.4352173913044,5.756486166666666,,,5874.416956521739,,,,,,173108.6,2456.223043478261,17.806496774193548,,2433.25,7.375591304347826,18.882125,,,,18.8845625,,,0.84701,109.85739130434781,,
2017-09-30,,,7.0,,4.33433546084468,6.403333333333333,,21.243142857142857,,1315.509523809524,5.7579364166666664,,,5954.9345,,23491265.495,,,,173300.13999999998,2492.841,17.80553666666667,,2447.5,7.376442857142858,19.334812499999998,,,,19.32345,,,0.8393457142857143,110.73190476190476,,
2017-10-31,,,7.0,,5.47784076068437,6.96,,22.103181818181817,,1280.8522727272727,5.759387666666666,,,6088.49,,,,,,172965.65,2556.997272727273,18.71361612903226,,2451.6666666666665,7.378977272727273,19.198722222222223,,,,19.201877777777778,,,0.850665909090909,112.93545454545455,,
2017-11-30,,,7.0,,10.1674631275741,6.49,,22.218818181818182,,1282.0822727272728,5.759956333333334,,,6328.192857142856,,,,,,172747.15,2593.6057142857144,18.989726666666666,,2453.125,7.37982,18.8601875,,,,18.83845,,,0.8520086363636363,112.79727272727273,,
2017-12-31,,,7.145161290322581,,9.18738049713193,6.48,,22.638368421052633,1190721475906.0,1266.5459999999998,5.7605250833333335,,,6397.9725,,24328763.686,123400057.0,,32922876924.0,172559.06,2664.3405,19.101287096774193,,2459.8571428571427,7.5052473684210534,18.830357142857142,,,,18.818242857142856,,3.419,0.8448889473684211,112.90578947368421,,
2018-01-31,,,7.25,1728096.0833333333,1.58055573520054,7.489999999999999,,23.090363636363637,,1332.0577272727273,6.042011666666667,,,6790.466666666666,,,,0.0,,173017.925,2789.8038095238094,19.00617419354839,,2423.6666666666665,7.636059090909091,19.089000000000002,,,,19.083916666666667,,,0.8198504545454545,110.88545454545455,,
2018-02-28,,,7.4375,,7.68380931337347,7.74,,23.02505,,1331.6574999999998,6.04285025,,,6704.425789473684,,,,,,172930.5,2705.1552631578948,18.61594285714286,,2431.0,7.781915789473684,18.994,,,,18.9783875,,,0.8098955,107.94800000000001,,
2018-03-31,,,7.5,,10.5790223065971,7.47,,22.99309523809524,,1326.5395238095239,6.043689416666666,,,6844.886666666666,,23568377.991,,,,173096.48,2702.7738095238096,18.654887096774196,,2440.875,7.834136842105264,19.132125000000002,,,,19.13975,,,0.810642380952381,106.0757142857143,,
2018-04-30,,,7.5,,-0.0437578053384522,7.46,,22.561,,1334.9895238095237,6.044528583333334,,,6606.894761904762,,,,,,173249.675,2653.625238095238,18.34659,,2447.5,7.840461904761905,19.388875,,,,19.387075,,,0.8146245000000001,107.65899999999999,,
2018-05-31,,,7.5,,12.8779306688611,7.59,,23.09859090909091,,1303.2760869565216,6.045368,,,6875.932272727273,,,,,,173050.575,2701.4936363636366,19.455148387096774,,2441.5555555555557,7.850959090909091,19.44322222222222,,,,19.424633333333333,,,0.8466754545454546,109.69272727272727,,
2018-06-30,,,7.583333333333333,,9.8416050686378,7.825,,23.71347619047619,,1280.5180952380954,6.04620775,,,7159.60238095238,,24395720.482,,,,173217.3,2754.3528571428574,20.31281,,2443.8888888888887,7.928114285714285,19.26011111111111,,,,19.25871111111111,,,0.856335238095238,110.05809523809523,,
2018-07-31,,,7.75,,2.46477073014859,7.51,,22.248181818181816,,1237.9631818181817,6.047048,,,7296.625714285714,,,,,,173292.325,2793.6433333333334,19.09663870967742,,2440.25,8.104227272727274,19.378,14.3082,,,19.3890625,,,0.8557581818181818,111.44681818181817,,
2018-08-31,,,7.75,,7.86924939467312,7.52,,21.783478260869565,,1200.4178260869564,6.047888416666666,,,7453.091304347827,,,,,,173428.6,2857.8204347826086,18.804229032258064,,2428.25,8.106008695652173,19.282125,14.47036818181818,,,19.294525,,,0.8659630434782608,111.00347826086956,,
2018-09-30,,,7.75,,8.06971046427416,7.74,,22.1891,,1197.9145,6.04872925,,,7527.98,,24137288.445,,,,173551.25,2901.5005263157896,19.035916666666665,,2434.5555555555557,8.114085,19.07011111111111,14.578168421052633,,,19.081422222222223,,,0.8577640000000001,111.9605,,
2018-10-31,,,7.75,,0.467780087225394,7.52,,21.99491304347826,,1215.6208695652174,6.0495702499999995,,,7171.58,,,,,,173564.45,2785.4647826086957,19.092119354838708,,2433.875,8.117917391304347,19.236250000000002,14.753804545454546,,,19.1987625,,,0.8708165217391305,112.86652173913043,,
2018-11-30,,,7.883333333333334,,3.77284986514834,7.470000000000001,,23.006181818181815,,1221.1831818181818,6.050308083333333,,,6855.030000000001,,,,,,173745.56,2723.2314285714288,20.25495,,2466.75,8.24542,19.3705,15.333052631578946,,,19.364125,,,0.8797731818181819,113.30318181818183,,
2018-12-31,,,8.096774193548388,,-0.758106412164726,7.605,,22.888947368421054,1256300182775.8,1251.9365,6.05104625,,,6497.98052631579,,24605294.572000004,124573711.0,,36526305945.0,174300.475,2567.3073684210526,20.152941935483874,,2448.0,8.410310526315788,19.137833333333333,14.971905555555557,,,19.131044444444445,,3.275,0.8784236842105263,112.33210526315789,,
2019-01-31,,,8.25,1651059.0,1.14090390619818,8.01,,21.898545454545456,,1292.5645454545454,6.277290416666666,,,6619.82,,,,0.0,,175053.425,2607.3900000000003,19.22744193548387,,2477.714285714286,8.59225909090909,19.271214285714287,14.411181818181818,,,19.249742857142856,,,0.8759522727272727,108.9159090909091,,
2019-02-28,,,8.25,,0.746017089507394,8.2,,21.776500000000002,,1319.197,6.277938916666667,,,7021.0521052631575,,,,,,175557.125,2754.8642105263157,19.183342857142858,,2454.875,8.5617,19.4814375,14.531044444444445,,,19.4742,,,0.8809889999999999,110.36800000000001,,
2019-03-31,,,8.25,,0.392005379343892,7.855,,21.736285714285714,,1300.857619047619,6.2785875833333336,,,7254.175714285714,,23790639.304,,,,176116.66,2803.9838095238097,19.248777419354838,,2461.5,8.519020000000001,19.5020625,14.393510000000001,,,19.488575,,,0.8847776190476191,111.19095238095237,,
2019-04-30,,,8.25,,0.47485732061122,7.949999999999999,,21.336750000000002,,1286.3347619047618,6.2792365,,,7660.581428571428,,,,,,176511.8,2903.8,19.016303333333333,,2471.1111111111113,8.498155,19.40722222222222,14.190795,,,19.387955555555557,,,0.8898389999999999,111.61600000000001,,
2019-05-31,,,8.25,,-2.46260181978774,7.605,,21.392545454545456,,1284.0004347826086,6.279885916666667,,,7480.984681818182,,,,,,177177.8,2854.7059090909092,19.091909677419356,,2451.6666666666665,8.506554545454547,19.316388888888888,14.20579523809524,,,19.316311111111112,,,0.8940936363636364,109.92727272727274,,
2019-06-30,,,8.25,,-3.22658747961574,8.3,,21.78265,,1361.8215,6.280535416666667,,,7505.14925,,24154852.039,,,,178514.52500000002,2890.166,19.266776666666665,,2450.75,8.507475,19.361,14.506475,,,19.3593125,,,0.8855005,108.09949999999999,,
2019-07-31,,,8.25,,-1.29968597767093,7.816666666666666,,21.361434782608693,,1415.54,6.281185166666667,,,7897.830000000001,,,,,,178858.85,2996.1136363636365,19.061893548387093,,2470.25,8.475221739130435,19.378375,14.540281818181818,,,19.375775,,,0.8914204347826086,108.2204347826087,,
2019-08-31,,,8.112903225806452,,-1.07888925093226,8.15,,21.8925,,1503.859090909091,6.28183525,,,7619.755454545454,,,,,,180019.1,2897.4504545454547,19.586590322580644,,2470.3333333333335,8.36980909090909,19.242444444444445,14.833657142857144,,,19.232822222222225,,,0.8988013636363636,106.21863636363636,,
2019-09-30,,,7.958333333333333,,-3.72002167279779,8.02,,21.537380952380953,,1507.7342857142855,6.2824855,,,7813.95845,,24024898.625,,,,180108.725,2982.156,19.60990333333333,,2447.875,8.197109999999999,19.26325,14.7723,,,19.2752875,,,0.9087871428571429,107.45380952380954,,
2019-10-31,,,7.75,,-3.05962410058126,7.85,,21.368695652173916,,1495.0008695652175,6.283136083333333,,,7859.700130434782,,,,,,180503.65,2977.675217391304,19.368864516129033,,2454.5,7.998604347826087,19.262375,14.654449999999999,,,19.2299125,,,0.9048104347826087,108.12652173913042,,
2019-11-30,,,7.608333333333333,,-2.18891680383494,7.656666666666666,,21.339904761904762,,1470.1261904761905,6.283439083333334,,,8284.35775,,,,,,180545.34,3104.9044999999996,19.307479999999998,,2460.2,7.872655,19.20915,14.607678947368422,,,19.20454,,,0.9049157142857143,108.89571428571428,,
2019-12-31,,,7.395161290322581,,0.0169101482946483,7.72,41.3273940627237,21.2641,1304106203902.45,1482.0183333333332,6.283742083333333,,,8527.361571428572,,24356533.571,125762982.0,,39833517538.0,180586.9,3176.749523809524,19.169319354838713,,2467.625,7.696524999999999,19.2269375,14.515957894736843,,,19.2162,,3.477,0.8998269999999999,109.0945,18.8891,
2020-01-31,,5.2562,7.25,1840003.1666666667,-6.18474792074086,4.18,,20.873272727272727,,1561.2381818181818,6.48792375,,21.543725,9031.151476190476,,,,0.0,,181743.84,3278.202857142857,18.81445483870968,5.431818181818182,2452.6666666666665,7.530281818181819,22.150833333333335,14.367713636363636,22.177983333333334,22.177983333333334,22.177983333333334,6.48792375,,0.9008954545454546,109.33272727272728,18.804018181818183,18.796899999999997
2020-02-29,,5.79405,7.107142857142857,,-0.696848904536064,6.1499999999999995,,20.5355,,1595.1535,6.48862975,,21.460716666666666,9297.461157894737,,,,,,183212.275,3277.314210526316,18.77705172413793,5.5625,2457.75,7.390531578947368,21.338625,14.191849999999999,21.3107,21.3107,21.3107,6.48862975,,0.917069,110.07000000000001,18.831049999999998,18.8352
2020-03-31,,5.720233333333334,6.8,,-9.95211697139844,4.385,,24.724954545454544,,1591.3509090909092,6.489336583333333,,21.503608333333332,7835.443272727273,,23449851.563,,,,184968.225,2652.3936363636367,21.97383870967742,5.5625,2470.777777777778,7.100676190476191,21.367444444444445,16.006990476190474,21.35332222222222,21.35332222222222,21.35332222222222,6.489336583333333,,0.9041845454545455,107.51045454545455,22.373745454545453,22.354136363636364
2020-04-30,,5.7103625,6.333333333333333,,-14.1969999021781,5.27,,26.36085,,1686.012857142857,6.490043249999999,,21.414733333333334,8436.998904761906,,,,,,185980.18,2761.975238095238,24.239883333333335,5.5625,2489.375,6.537730000000001,21.224125,17.254095,21.2059375,21.2059375,21.2059375,6.490043249999999,,0.9206675000000001,107.6895,24.2702,24.222357142857142
2020-05-31,,5.850514285714286,5.709677419354839,,-35.124082764965,5.475,,25.56515,,1718.7926190476192,6.490750333333334,,21.375808333333335,9208.011999999999,,,,,,187013.0,2919.6085,23.58031935483871,5.5625,2483.8571428571427,5.99545,21.202571428571428,16.76115789473684,21.202285714285715,21.202285714285715,21.202285714285715,6.490750333333334,,0.9173385,107.19649999999999,23.455199999999998,23.485733333333332
2020-06-30,,6.0776,5.4,,-23.6143815859186,5.76,,25.082954545454548,,1735.8772727272728,6.491457833333333,,21.41785,9898.710045454545,,19252778.618,,,,188142.625,3104.6609090909087,22.269176666666667,5.5625,2473.6666666666665,5.648704545454546,21.51077777777778,16.45449090909091,21.4838,21.4838,21.4838,6.491457833333333,,0.8885527272727273,107.61863636363637,22.287454545454548,22.32134090909091
2020-07-31,,5.797744444444444,5.0,,17.3244381194249,5.7,,25.699826086956524,,1846.0826086956522,6.492165666666666,,21.34945833333333,10658.308636363638,,,,,,191606.86000000002,3207.6190909090906,22.480296774193548,5.5625,2456.6666666666665,5.231469565217392,21.525555555555556,16.581618181818182,21.53001111111111,21.53001111111111,21.53001111111111,6.492165666666666,,0.8725743478260869,106.77130434782607,22.42217391304348,22.39782608695652
2020-08-31,,5.6505,4.716666666666667,,-13.0563993704937,5.245,,26.254333333333335,,1969.1097619047619,6.49287375,,21.364725000000004,11406.495238095238,,,,,,192895.525,3391.71,22.231067741935483,5.5625,2484.375,4.967419047619048,21.766875,16.77615,21.7435,21.7435,21.7435,6.49287375,,0.8454652380952381,106.02142857142856,22.19704761904762,22.18947142857143
2020-09-30,,5.49995,4.45,,-9.1210662717512,6.105,,25.53609090909091,,1923.1902272727273,6.493582166666666,,21.307391666666668,11330.84142857143,,22072295.697,,,,193561.25,3365.516666666667,21.60516,5.5625,2478.25,4.720285714285715,20.893,16.388855,20.911675000000002,20.911675000000002,20.911675000000002,6.493582166666666,,0.84805,105.57681818181818,21.657181818181815,21.646822727272728
2020-10-31,,5.788277777777778,4.25,,5.93709895220767,4.335,,25.061318181818184,,1900.4134090909092,6.4942910000000005,,21.340175,11604.979090909092,,,,,,194173.7,3418.7,21.38084516129032,5.5625,2470.4444444444443,4.532459090909091,20.80788888888889,16.100485714285714,20.793744444444442,20.793744444444442,20.793744444444442,6.4942910000000005,,0.8492572727272727,105.21,21.283863636363638,21.273422727272727
2020-11-30,,5.69165,4.25,,-6.23320834932538,5.15,,24.155428571428573,,1866.1766666666667,6.4946850000000005,,21.40863333333333,11893.282,,,,,,194431.675,3548.9925000000003,20.5333,5.5625,2482.375,4.498610526315789,21.304125,15.597888888888889,21.317025,21.317025,21.317025,6.4946850000000005,,0.8447795238095237,104.42095238095239,20.40717142857143,20.400690476190476
2020-12-31,,5.8311714285714285,4.25,,-3.07933194154488,5.475,45.8373464112123,24.291363636363634,1121064767401.51,1860.0213636363637,6.495079416666667,,21.377266666666667,12622.082727272727,,23504813.158,126799054.0,,43977653965.0,195257.44,3695.3100000000004,19.978174193548387,5.5625,2502.8571428571427,4.485686363636364,21.618,15.581852380952382,21.608614285714285,21.608614285714285,21.608614285714285,6.495079416666667,4.44,0.8217413636363635,103.76636363636364,19.960795454545455,19.954136363636362
2021-01-31,,4.688385714285714,4.25,1780006.0833333333,3.23821831740754,4.3,,24.24825,,1864.87725,6.821007416666667,,20.33825,13048.074210526316,,,,0.0,,195714.8,3793.748421052632,19.902616129032257,4.333333333333333,2457.714285714286,4.468395,20.43657142857143,15.655185,20.4492,20.4492,20.4492,6.821007416666667,,0.821664,103.782,19.92353,19.920885000000002
2021-02-28,,4.576957142857142,4.098214285714286,,-3.36585651708932,4.744999999999999,,24.55565,,1808.157,6.822487250000001,,20.342858333333332,13473.78,,,,,,195604.35,3883.432105263158,20.29247857142857,4.333333333333333,2452.4285714285716,4.362863157894737,20.267,16.01628888888889,20.256785714285716,20.256785714285716,20.256785714285716,6.822487250000001,,0.82661,105.3845,20.297159999999998,20.29727
2021-03-31,,4.5986375,4.0,,13.8009891196835,4.02,,24.745217391304347,,1721.9371739130436,6.82396775,,20.297675,12900.192173913043,,22841373.39,,,,194935.3,3910.508260869565,20.762051612903225,4.333333333333333,2467.75,4.283331818181818,20.419625,16.508822727272726,20.423225000000002,20.423225000000002,20.423225000000002,6.82396775,,0.840448695652174,108.73782608695652,20.795826086956524,20.757073913043477
2021-04-30,,4.5322625,4.0,,3.89188785046729,4.433333333333334,,24.00055,,1760.754285714286,6.825448333333333,,20.341216666666668,13832.341904761905,,,,,,195222.40000000002,4141.176190476191,20.10944,4.333333333333333,2459.25,4.28445,20.27075,16.030855,20.3061125,20.3061125,20.3061125,6.825448333333333,,0.834849,108.93599999999999,20.036455,20.04550952380952
2021-05-31,,4.531155555555555,4.0,,59.554221271976,4.33,,24.268190476190476,,1852.9454761904763,6.826929750000001,,20.366733333333332,13470.814000000002,,,,,,194580.925,4167.8495,19.998767741935485,4.333333333333333,2445.0,4.285123809523809,20.303555555555555,16.47288,20.28431111111111,20.28431111111111,20.28431111111111,6.826929750000001,,0.8233542857142857,109.14761904761905,19.981409523809525,19.969900000000003
2021-06-30,,4.6309375,4.05,,39.7370068879148,4.07,,24.106636363636365,,1831.9713636363638,6.828411416666667,,20.34765833333333,14064.488181818182,,23623591.38,,,,193237.55,4238.489545454546,20.042716666666667,4.333333333333333,2443.75,4.31705,20.230375,16.38835909090909,20.228337500000002,20.228337500000002,20.228337500000002,6.828411416666667,,0.8301663636363638,110.09954545454546,20.012063636363635,20.0231
2021-07-31,,4.6025125,4.25,,1.98380199689972,4.545,,23.61009090909091,,1805.910681818182,6.829893666666667,,20.338241666666665,14849.662857142856,,,,,,193215.76,4363.7128571428575,19.98552258064516,4.333333333333333,2450.375,4.519322727272727,20.195999999999998,15.938266666666667,20.1795,20.1795,20.1795,6.829893666666667,,0.8459027272727273,110.26136363636364,19.971799999999998,19.97075909090909
2021-08-31,,4.62532,4.403225806451613,,24.837091043796,4.1850000000000005,,23.623727272727272,,1786.3311363636365,6.8313765,,20.300216666666667,15173.002727272727,,,,,,196259.275,4453.965909090909,20.051248387096773,4.333333333333333,2440.2,4.645490909090909,20.3357,15.938380952380953,20.33068,20.33068,20.33068,6.8313765,,0.8495077272727273,109.82681818181818,20.068586363636364,20.07725
2021-09-30,,4.590388888888889,4.5,,17.4836228530457,4.845000000000001,,23.567363636363634,,1777.3522727272727,6.832859333333334,,20.285133333333334,15315.131904761905,,23204689.858000003,,,,200178.6,4445.543333333333,19.990920000000003,4.363636363636363,2444.222222222222,4.74612380952381,20.260844444444444,15.806584210526317,20.266022222222222,20.266022222222222,20.266022222222222,6.832859333333334,,0.8496313636363637,110.1590909090909,20.023622727272727,20.054550000000003
2021-10-31,,4.5983625,4.75,,6.80633961838094,4.04,,23.730809523809523,,1776.597142857143,6.8343429166666665,,20.275708333333334,15143.725238095238,,,,,,198592.13999999998,4460.7071428571435,20.47244193548387,4.333333333333333,2460.75,4.975090476190476,20.261625000000002,16.437260000000002,20.246025,20.246025,20.246025,6.8343429166666665,,0.8619657142857142,113.09809523809524,20.455333333333336,20.452952380952382
2021-11-30,,4.5336125,4.908333333333333,,23.4187926542243,4.46,,23.811272727272726,,1818.4238636363634,6.835644583333334,,20.240291666666668,16237.20476190476,,,,,,198900.925,4667.386666666666,20.78256,4.333333333333333,2452.25,5.125545000000001,20.219375,16.626747368421054,20.22085,20.22085,20.22085,6.835644583333334,,0.8762359090909091,114.00181818181818,20.86490909090909,20.880977272727275
2021-12-31,,4.5351888888888885,5.241935483870968,,21.5348092865215,4.5,44.8609558048196,23.615782608695653,1316569466735.28,1792.0731818181819,6.8369465,,20.24705833333333,16135.422272727272,,23949669.824,127648148.0,,55067029560.0,201681.94,4674.772727272727,20.985300000000002,4.333333333333333,2438.0,5.442573913043478,20.234111111111112,16.344442857142855,20.20938888888889,20.20938888888889,20.20938888888889,6.8369465,4.019,0.8846639130434781,113.94347826086955,20.89204347826087,20.889939130434783
2022-01-31,,7.860166666666667,5.5,1773483.4166666667,3.74255585023875,9.015,,23.189,,1816.2421428571429,7.357609750000001,,20.137916666666666,15207.219000000001,,,,0.0,,201907.875,4573.8155,20.483535483870966,7.458333333333333,2461.777777777778,5.723766666666667,20.03188888888889,16.24771,20.052344444444444,20.052344444444444,20.052344444444444,7.357609750000001,,0.8838709523809524,114.90714285714287,20.495857142857144,20.505390476190478
2022-02-28,,7.5962000000000005,5.821428571428571,,3.8,7.01,,23.18075,,1859.6992500000001,7.359313083333333,,20.145058333333335,14428.71210526316,,,,,,201508.95,4435.98052631579,20.48437142857143,7.458333333333333,2448.714285714286,6.022657894736842,20.167285714285715,16.08623888888889,20.159757142857142,20.159757142857142,20.159757142857142,7.359313083333333,,0.8817335,115.19800000000001,20.4381,20.453535
2022-03-31,,7.3655625,6.112903225806452,,6.2,7.1000000000000005,,22.647521739130436,,1951.5663043478262,7.3610170833333335,,20.120858333333334,14151.31043478261,,23441641.157,,,,201141.975,4391.265217391305,20.6008935483871,7.458333333333333,2449.25,6.3347181818181815,20.257625,16.232713636363638,20.2570375,20.2570375,20.2570375,7.3610170833333335,,0.9075639130434783,118.62304347826087,20.554495652173912,20.541165217391303
2022-04-30,,7.383755555555556,6.5,,3.7,8.01,,21.72063157894737,,1935.152,7.36272125,,20.128508333333333,13964.717499999999,3.582580197055222,,,,,199927.66,4391.296,20.044516666666667,7.458333333333333,2455.5555555555557,6.7318263157894735,20.241111111111113,15.909984210526314,20.249355555555557,20.249355555555557,20.249355555555557,7.36272125,,0.9245005263157895,126.29736842105264,20.079326315789473,20.083695
2022-05-31,,8.0021625,6.806451612903226,,3.6,6.85,,21.186090909090908,,1848.1804545454545,7.364426166666667,,20.138008333333335,12375.009047619047,,,,,,199066.6,4040.3599999999997,20.113312903225808,7.458333333333333,2453.125,7.013790909090909,20.121875,15.591419047619048,20.1658625,20.1658625,20.1658625,7.364426166666667,,0.945400909090909,128.7972727272727,20.029363636363637,20.024577272727274
2022-06-30,,7.89415,7.175,,3.6,7.255,,21.123954545454545,,1836.8490909090908,7.366131583333334,,20.072341666666667,11918.65,,24309483.674,,,,198688.45,3898.9466666666667,19.966496666666668,7.458333333333333,2483.375,7.421636363636364,20.117875,15.617627272727274,20.120125,20.120125,20.120125,7.366131583333334,,0.9465572727272726,134.00227272727273,19.996245454545456,19.994977272727272
2022-07-31,,8.027899999999999,7.75,,3.5,7.109999999999999,,20.89552380952381,,1736.2028571428573,7.36783725,,20.146891666666665,12140.191499999999,,,,,,198797.86,3911.7295,20.530809677419356,7.458333333333333,2473.4444444444443,8.037290476190476,20.136222222222223,15.877535,20.13591111111111,20.13591111111111,20.13591111111111,7.36783725,,0.9825357142857143,136.7352380952381,20.529761904761905,20.529266666666665
2022-08-31,,7.874599999999999,8.233870967741936,,3.6,9.275,,20.390830434782607,,1763.3593478260868,7.369543583333333,,20.201058333333332,13090.348260869565,,,,,,199120.675,4158.563043478261,20.126129032258063,7.458333333333333,2454.777777777778,8.498047826086957,20.199555555555555,15.570090909090908,20.180111111111113,20.180111111111113,20.180111111111113,7.369543583333333,,0.9874582608695652,135.1404347826087,20.131395652173914,20.133030434782608
2022-09-30,,7.8653125,8.525862068965518,,3.5,7.32,,19.87175909090909,,1681.2911363636363,7.371250333333333,,20.222675,11841.001904761904,,24288808.425,,,,197750.9,3850.520476190476,20.064006666666668,7.458333333333333,2450.75,8.891095238095238,20.1315,15.073594736842105,20.122575,20.122575,20.122575,7.371250333333333,,1.00998,142.95454545454547,20.0668,20.064463636363637
2022-10-31,,7.380775,9.25,,3.6,7.03,,19.648109523809524,,1666.2716666666668,7.372957666666667,,20.208116666666665,11212.392857142857,,,,,,196660.1,3726.050952380953,20.02421935483871,7.545454545454546,2465.875,9.562538095238095,20.177,14.590459999999998,20.1826875,20.1826875,20.1826875,7.372957666666667,,1.0178438095238096,147.2952380952381,19.997195238095237,19.987580952380952
2022-11-30,,7.402511111111112,9.75,,3.6,8.3,,19.839304545454546,,1729.2377272727274,7.374166333333334,,20.1824,11458.061904761904,,,,,,197698.55,3917.488571428571,19.497533333333333,7.5625,2469.5555555555557,9.998965,20.254444444444445,14.463573684210527,20.249177777777774,20.249177777777774,20.249177777777774,7.374166333333334,,0.9807068181818182,142.33272727272728,19.450218181818183,19.444222727272727
2022-12-31,,7.696414285714285,10.258064516129032,,3.5,6.97,43.9835270548749,20.76090476190476,1466464899303.68,1797.4192857142857,7.375375583333334,,20.116699999999998,11365.167142857143,,25052440.725,128613117.0,,61457717975.0,199162.86000000002,3912.3809523809523,19.569032258064517,7.625,2468.1428571428573,10.52537619047619,20.170428571428573,14.431336842105264,20.145685714285715,20.145685714285715,20.145685714285715,7.375375583333334,3.256,0.9444190476190476,134.88714285714286,19.606390476190477,19.60215238095238
2023-01-31,,11.372128571428572,10.5,1582055.25,1.73446282771247,11.145,,20.457227272727273,,1902.199523809524,7.793968666666667,,17.816133333333333,11496.265,,,,0.0,,200555.875,3960.6565,19.049635483870965,11.104166666666666,2456.4285714285716,10.780886363636363,17.666285714285713,14.123780952380953,17.6551,17.6551,17.6551,7.793968666666667,,0.928699090909091,130.52,18.998745454545453,18.965381818181818
2023-02-28,,11.276014285714286,10.839285714285714,,3.6,10.915,,19.954214999999998,,1853.59025,7.795059166666667,,17.850216666666665,12372.203684210526,,,,,,200605.725,4079.684736842105,18.639010714285714,11.104166666666666,2443.1428571428573,11.101473684210527,18.056285714285714,13.831816666666667,18.055371428571426,18.055371428571426,18.055371428571426,7.795059166666667,,0.9333629999999999,132.89749999999998,18.621405,18.592785
2023-03-31,,11.329588888888889,11.008064516129032,,3.5,11.28,,19.72414347826087,,1915.105,7.796150166666667,,17.8125,12429.894782608697,,24350655.222000003,,,,201522.53999999998,3968.5591304347827,18.417483870967743,11.104166666666666,2440.777777777778,11.336627272727272,17.999,13.43465,17.9991,17.9991,17.9991,7.796150166666667,,0.9341695652173914,133.59608695652173,18.42392608695652,18.396
2023-04-30,,11.420875,11.25,,3.4,11.4,,19.819483333333334,,2001.2992105263156,7.797241499999999,,17.820533333333334,13025.957894736843,,,,,,202964.125,4121.467368421053,18.08190666666667,11.104166666666666,2437.375,11.528288888888888,17.7665,13.406966666666667,17.7640375,17.7640375,17.7640375,7.797241499999999,,0.9117866666666666,133.58277777777778,18.070833333333333,18.081484210526316
2023-05-31,,11.4202875,11.25,,6.5,10.94,,19.275504545454545,,1991.2017391304348,7.798333083333333,,17.85425,13555.779999999999,,,,,,203076.3,4146.173181818182,17.782545161290322,11.104166666666666,2444.0,11.535522727272728,17.892125,13.11384761904762,17.8718,17.8718,17.8718,7.798333083333333,,0.920274090909091,137.0563636363636,17.736290909090908,17.7372
2023-06-30,,11.3829625,11.25,,3.6,11.3,,18.69932272727273,,1940.870227272727,7.799424916666666,,17.877666666666666,14808.05857142857,,25155913.814,,,,203150.66,4345.372857142857,17.30312,11.104166666666666,2448.375,11.501090909090909,17.826125,12.974318181818182,17.8065875,17.8065875,17.8065875,7.799424916666666,,0.922595909090909,141.27,17.251845454545453,17.23253181818182
2023-07-31,,11.3941125,11.25,,3.5,11.125,,18.708485714285715,,1949.2283333333332,7.800517500000001,,17.855683333333335,15445.129,,,,,,203865.875,4508.0755,16.95423870967742,11.104166666666666,2451.125,11.500861904761905,17.64075,12.788205,17.6467125,17.6467125,17.6467125,7.800517500000001,,0.9044261904761906,141.03619047619048,16.919561904761903,16.908138095238094
2023-08-31,,11.402775,11.25,,29.95186688862256,11.32,,18.52024347826087,,1918.144347826087,7.8016103333333335,,17.89355,15144.851304347827,,,,,,203737.525,4457.358695652174,16.986093548387096,11.104166666666666,2457.75,11.499778260869563,17.723875,12.588090909090909,17.7123625,17.7123625,17.7123625,7.8016103333333335,,0.9167178260869564,144.8086956521739,16.976695652173913,16.9952
2023-09-30,,11.311925,11.25,,3.8,10.986666666666666,,18.475719047619048,,1913.5273809523808,7.80270325,,17.905641666666668,15089.024,,25166520.575,,,,204050.74,4409.094999999999,17.239983333333335,11.104166666666666,2447.5,11.50325238095238,18.00725,12.789555,18.0169125,18.0169125,18.0169125,7.80270325,,0.9360433333333333,147.70190476190476,17.29385238095238,17.314123809523807
2023-10-31,,11.340233333333334,11.25,,29.61600452167429,11.25,,19.088204545454545,,1916.1820454545452,7.80379675,,17.87395,14763.206363636362,,,,,,203961.0,4269.4009090909085,18.0542,11.145833333333334,2433.777777777778,11.503368181818182,17.992222222222225,13.18986,17.96937777777778,17.96937777777778,17.96937777777778,7.80379675,,0.9467563636363636,149.62136363636364,18.071404545454545,18.089736363636362
2023-11-30,,11.416425,11.25,,3.7,11.39,,18.78769090909091,,1985.5161363636364,7.804519916666667,,17.888941666666668,15609.558095238093,,,,,,205536.7,4460.0633333333335,17.470663333333334,11.145833333333334,2430.375,11.505175,17.716875,12.671557894736843,17.69935,17.69935,17.69935,7.804519916666667,,0.9253527272727272,149.75363636363636,17.385390909090912,17.379509090909092
2023-12-31,,11.407471428571428,11.25,,30.20988179697184,10.755,45.1431938521023,18.766526315789474,1793798859343.27,2034.6215,7.805243166666667,,17.811133333333334,16452.504999999997,,25675317.333999995,129739759.0,,66237847600.0,210313.26,4685.0515,17.219274193548387,11.145833333333334,2428.8571428571427,11.504194736842106,17.71485714285714,12.813322222222222,17.698271428571427,17.698271428571427,17.698271428571427,7.805243166666667,2.765,0.9172647368421053,144.2084210526316,17.21381052631579,17.18886
2024-01-31,,11.240116666666667,11.25,1668407.8333333333,29.97188581663579,11.06,,18.626831818181817,,2031.9074999999998,8.164597416666668,,18.254641666666668,16977.202857142856,,,,0.0,,212696.75,4804.4914285714285,17.071474193548386,10.895833333333334,2440.1666666666665,11.500872727272727,17.9845,12.727440909090909,17.999916666666667,17.999916666666667,17.999916666666667,8.164597416666668,,0.9170131818181818,146.2290909090909,17.081136363636364,17.077718181818184
2024-02-29,,11.133133333333333,11.25,,29.681537616001275,10.95,,18.442500000000003,,2025.6616666666664,8.1658145,,18.200066666666668,17764.3155,,,,,,213295.05,5011.961499999999,17.102606896551723,10.895833333333334,2458.222222222222,11.495745,18.30677777777778,12.661957894736842,18.288433333333334,18.288433333333334,18.288433333333334,8.1658145,,0.9263942857142857,149.49571428571429,17.084790476190477,17.086347619047622
2024-03-31,,11.0860875,11.169354838709678,,28.640589597236893,10.3,,18.260984999999998,,2164.40625,8.167032333333333,,18.213275,18138.1945,,24721687.629,,,,216258.37999999998,5170.5725,16.81916129032258,10.895833333333334,2466.875,11.441177777777778,18.26925,12.406344444444445,18.2486,18.2486,18.2486,8.167032333333333,,0.9197905000000001,149.71949999999998,16.79603,16.774605
2024-04-30,,11.071111111111112,11.0,,28.018027055545662,11.066666666666668,,18.006585714285716,,2333.7263636363637,8.168250083333334,,18.197108333333333,17776.502727272727,,,,,,217248.125,5112.492727272727,16.782556666666668,10.895833333333334,2477.4444444444443,11.2467,18.412444444444443,12.287495454545455,18.4312,18.4312,18.4312,8.168250083333334,,0.9322104761904761,153.84285714285713,16.78654285714286,16.801118181818183
2024-05-31,,11.124422222222222,11.0,,27.87588607889714,10.205,,18.15485,,2350.610217391304,8.169468499999999,,18.239658333333335,18351.100000000002,,,,,,218472.06,5235.225454545455,16.80727741935484,10.895833333333334,2463.777777777778,11.239631818181818,18.447555555555557,12.295080952380953,18.424022222222224,18.424022222222224,18.424022222222224,8.169468499999999,,0.9248981818181818,155.87272727272727,16.79145,16.804778260869565
2024-06-30,,11.1051,11.0,,28.351370248651858,11.04,,19.613355000000002,,2327.53775,8.170687166666667,,18.271075,19419.094736842104,,25717865.356,,,,219760.85,5415.140526315789,18.041903333333334,10.895833333333334,2456.125,11.244945,18.569875,13.295259999999999,18.5275875,18.5275875,18.5275875,8.170687166666667,,0.929492,157.842,18.231175,18.238815
2024-07-31,,11.162914285714285,11.0,,83.07033636303872,10.55,,19.63972608695652,,2394.666739130435,8.171906416666667,,18.30163333333333,19818.540454545455,,,,,,221230.0,5538.004545454546,18.070593548387098,10.895833333333334,2472.8571428571427,11.245565217391302,18.212285714285716,13.198963636363636,18.206114285714285,18.206114285714285,18.206114285714285,8.171906416666667,,0.9221826086956522,157.85304347826087,18.111865217391305,18.11835652173913
2024-08-31,,11.211977777777777,10.816666666666666,,22.46526706189416,10.96,,21.082345454545454,,2471.4834090909094,8.173126166666668,,18.253891666666664,19070.050454545453,,,,,,223976.08,5478.214545454545,19.058312903225804,10.895833333333334,2476.0,11.08025,17.844222222222225,14.02347142857143,17.838266666666666,17.838266666666666,17.838266666666666,8.173126166666668,,0.9081677272727273,146.2618181818182,19.143063636363635,19.185072727272726
2024-09-30,,11.127044444444444,10.716666666666667,,22.074939080980016,11.03,,21.76252380952381,,2571.3347619047618,8.174346083333333,,18.198783333333335,19434.1205,,25574159.183,,,,226211.57499999998,5621.2605,19.639676666666666,10.875,2469.8888888888887,10.950050000000001,18.16033333333333,14.482377777777778,18.16788888888889,18.16788888888889,18.16788888888889,8.174346083333333,,0.900437619047619,143.24,19.596147619047617,19.606314285714284
2024-10-31,,11.0782875,10.5,,83.74067816655713,10.3,,21.460347826086956,,2691.3317391304345,8.1755665,,18.174633333333333,20172.153913043476,,,,,,226205.725,5792.319565217392,19.671538709677417,10.909090909090908,2480.875,10.73550909090909,18.29525,14.327304761904761,18.285024999999997,18.285024999999997,18.285024999999997,8.1755665,,0.9171300000000001,149.68391304347827,19.68224347826087,19.698552173913043
2024-11-30,,11.062744444444444,10.362068965517242,,23.152583647615604,10.7625,,21.615333333333336,,2649.453095238095,8.176291666666666,,18.228991666666666,20726.958,,,,,,226272.56,5929.916,20.29187,10.886363636363637,2470.4444444444443,10.605735,18.526,14.554105263157895,18.485944444444442,18.485944444444442,18.485944444444442,8.176291666666666,,0.9408766666666667,153.5652380952381,20.33578095238095,20.32382857142857
2024-12-31,,11.211433333333334,10.153225806451612,,22.446924663111623,10.49,,21.2338,1852722885258.11,2638.5209523809526,8.177017166666667,,18.291766666666664,21493.350476190477,,25767095.724,130861007.0,,67637913797.0,228604.47499999998,6010.908571428571,20.243790322580644,10.875,2452.4444444444443,10.38072,18.12466666666667,14.233468421052631,18.116211111111113,18.116211111111113,18.116211111111113,8.177017166666667,2.711,0.954343,153.738,20.26395,20.274661904761906
2025-01-31,,8.3446,10.0,1812519.6,163570.0,,,21.295045454545455,,2711.3679545454547,8.468807181818182,,19.53945,21322.882,,,,0.0,,229692.12000000002,5979.5154999999995,20.564370967741937,8.725,2401.6,10.282522727272728,18.9874,14.280918181818182,19.00668,19.00668,19.00668,8.4583847,,0.9658922727272727,156.395,20.56809090909091,20.558004545454544
2025-02-28,,8.90217142857143,9.607142857142858,,163307.0,8.615,,21.32675,,2896.10075,8.46970490909091,,19.53927,21585.94210526316,,,,,,233095.25,6038.69,20.459935714285713,8.725,2459.285714285714,9.878884210526316,19.430285714285713,14.329555555555556,19.4264,19.4264,19.4264,8.4592221,,0.96042,151.831,20.482400000000002,20.44866
2025-03-31,,8.935671428571428,9.435483870967742,,163508.0,8.25,,21.87604761904762,,2987.344761904762,8.470602454545455,,19.561709999999998,19819.151904761904,,24932209.251,,,,236491.4,5683.983333333333,20.24633548387097,8.725,2467.0,9.73917,19.42814285714286,14.09931,19.4402,19.4402,19.4402,8.460059300000001,,0.9254395238095238,149.13714285714286,20.244442857142857,20.23302857142857
2025-04-30,,8.960028571428571,9.0,,163536.0,7.35,,22.50725,,3222.1826190476195,8.471500363636364,,19.56913,18654.63333333333,,,,,,238465.425,5369.495714285715,20.098163333333332,8.725,2444.1428571428573,9.27798,19.620257142857145,14.327845,19.60592857142857,19.60592857142857,19.60592857142857,8.4608969,,0.8920665,144.2125,20.07691,20.01295238095238
2025-05-31,,9.074366666666668,8.741935483870968,,163273.0,8.1,,21.924904761904763,,3289.414545454545,8.472398181818182,,19.53287,20816.733809523812,,,,,,239547.1,5810.9195238095235,19.467467741935483,8.725,2436.3333333333335,9.049938095238096,19.5655,14.02225,19.545550000000002,19.545550000000002,19.545550000000002,8.461734400000001,,0.8867185714285714,144.66619047619048,19.440495238095238,19.44296818181818
2025-06-30,,9.217514285714286,8.433333333333334,,163366.0,9.4,,21.926190476190477,,3352.4733333333334,8.473296272727273,,19.557679999999998,21913.912,,25730206.131,,,,241108.875,6029.9515,19.07029,8.725,2458.714285714286,8.736004761904761,19.590857142857143,13.918385714285714,19.555985714285715,19.555985714285715,19.555985714285715,8.4625721,,0.8684142857142857,144.59761904761905,19.04042857142857,19.02537142857143
2025-07-31,,9.1512,8.0,,163106.0,7.5,,21.83478260869565,,3340.174347826087,8.474194545454544,,19.50488,22989.571363636365,,,,,,242055.475,6296.498181818181,18.684161290322578,8.675,2464.625,8.255734782608696,19.651,13.654027272727273,19.647925,19.647925,19.647925,8.46341,,0.8564413043478261,146.91,18.699504347826085,18.693617391304347
2025-08-31,,8.731442857142858,7.806451612903226,,163394.0,8.55,,21.772857142857145,,3368.304047619047,8.475092727272727,,19.48216,23460.481904761906,,,,,,243321.77999999997,6408.949523809524,18.72754193548387,8.65,2471.4285714285716,8.08585238095238,19.270000000000003,13.550485,19.27167142857143,19.27167142857143,19.27167142857143,8.464247799999999,,0.8597690476190477,147.69809523809522,18.719395238095238,18.70567619047619
2025-09-30,,8.799028571428572,7.708333333333333,,314.3985176289307,8.675,,21.70627272727273,,3668.3725000000004,8.475991454545454,,19.49886,24160.84238095238,,,,,,246272.9,6584.018095238095,18.52508,8.65,2479.1428571428573,8.017838095238096,19.367285714285714,13.371647368421051,19.340257142857144,19.340257142857144,19.340257142857144,8.4650861,,0.8523709090909091,147.92636363636365,18.502018181818183,18.487936363636365
2025-10-31,,8.969975,7.5,,,8.325,,21.426000000000002,,4078.082777777778,8.476889727272727,,19.49483,24883.741111111114,,,,,,248575.46666666667,6700.096111111111,18.414525,8.65,2453.875,7.814578947368421,19.60075,13.15635294117647,19.62315,19.62315,19.62315,8.465924,,0.85925,150.98944444444444,18.410033333333335,18.419888888888888
2025-11-30,,8.820542857142858,,,,7.35,,,,,8.4666303,,19.49655,,,,,,,,,,8.65,2437.1428571428573,,19.460285714285714,,19.425514285714286,19.425514285714286,19.425514285714286,8.4666303,,,,,
2025-12-31,,8.926716666666666,,,,8.1,,,,,8.4673363,,19.469720000000002,,,,,,,,,,8.65,2429.3333333333335,,19.399,,19.37315,19.37315,19.37315,8.4673363,,,,,
