fecha,captacion_bancaria_total,cetes_28d,confianza_consumidor_banxico,confianza_empresarial_banxico,cpi_g7_oecd,credito_privado_total,debt_gdp_mx_wdi,eurmxn_frankfurter,gdp_mx_wdi,gold_xauusd_stooq,inpc_general,inpc_subyacente,ipc_bmv,nasdaq_stooq,pib_trimestral_desestacionalizado,pib_trimestral_inegi_limpio,population_mx_wdi,remesas_familiares,remittances_mx_wdi,reservas_internacionales,sp500_stooq,tasa_fondeo,tasa_referencia,tasa_reportos,tiie_28d,tiie_91d,tipo_cambio_euro,tipo_cambio_fix,tipo_cambio_historico,tipo_cambio_interbancario,udis,unemployment_mx_wdi,usdeur_frankfurter,usdjpy_frankfurter,usdmxn_frankfurter,usdmxn_stooq,captacion_bancaria_total_lag1,cetes_28d_lag1,confianza_consumidor_banxico_lag1,confianza_empresarial_banxico_lag1,cpi_g7_oecd_lag1,credito_privado_total_lag1,debt_gdp_mx_wdi_lag1,eurmxn_frankfurter_lag1,gdp_mx_wdi_lag1,gold_xauusd_stooq_lag1,inpc_general_lag1,inpc_subyacente_lag1,ipc_bmv_lag1,nasdaq_stooq_lag1,pib_trimestral_desestacionalizado_lag1,pib_trimestral_inegi_limpio_lag1,population_mx_wdi_lag1,remesas_familiares_lag1,remittances_mx_wdi_lag1,reservas_internacionales_lag1,sp500_stooq_lag1,tasa_fondeo_lag1,tasa_referencia_lag1,tasa_reportos_lag1,tiie_28d_lag1,tiie_91d_lag1,tipo_cambio_euro_lag1,tipo_cambio_fix_lag1,tipo_cambio_historico_lag1,tipo_cambio_interbancario_lag1,udis_lag1,unemployment_mx_wdi_lag1,usdeur_frankfurter_lag1,usdjpy_frankfurter_lag1,usdmxn_frankfurter_lag1,usdmxn_stooq_lag1,captacion_bancaria_total_lag3,cetes_28d_lag3,confianza_consumidor_banxico_lag3,confianza_empresarial_banxico_lag3,cpi_g7_oecd_lag3,credito_privado_total_lag3,debt_gdp_mx_wdi_lag3,eurmxn_frankfurter_lag3,gdp_mx_wdi_lag3,gold_xauusd_stooq_lag3,inpc_general_lag3,inpc_subyacente_lag3,ipc_bmv_lag3,nasdaq_stooq_lag3,pib_trimestral_desestacionalizado_lag3,pib_trimestral_inegi_limpio_lag3,population_mx_wdi_lag3,remesas_familiares_lag3,remittances_mx_wdi_lag3,reservas_internacionales_lag3,sp500_stooq_lag3,tasa_fondeo_lag3,tasa_referencia_lag3,tasa_reportos_lag3,tiie_28d_lag3,tiie_91d_lag3,tipo_cambio_euro_lag3,tipo_cambio_fix_lag3,tipo_cambio_historico_lag3,tipo_cambio_interbancario_lag3,udis_lag3,unemployment_mx_wdi_lag3,usdeur_frankfurter_lag3,usdjpy_frankfurter_lag3,usdmxn_frankfurter_lag3,usdmxn_stooq_lag3,captacion_bancaria_total_lag6,cetes_28d_lag6,confianza_consumidor_banxico_lag6,confianza_empresarial_banxico_lag6,cpi_g7_oecd_lag6,credito_privado_total_lag6,debt_gdp_mx_wdi_lag6,eurmxn_frankfurter_lag6,gdp_mx_wdi_lag6,gold_xauusd_stooq_lag6,inpc_general_lag6,inpc_subyacente_lag6,ipc_bmv_lag6,nasdaq_stooq_lag6,pib_trimestral_desestacionalizado_lag6,pib_trimestral_inegi_limpio_lag6,population_mx_wdi_lag6,remesas_familiares_lag6,remittances_mx_wdi_lag6,reservas_internacionales_lag6,sp500_stooq_lag6,tasa_fondeo_lag6,tasa_referencia_lag6,tasa_reportos_lag6,tiie_28d_lag6,tiie_91d_lag6,tipo_cambio_euro_lag6,tipo_cambio_fix_lag6,tipo_cambio_historico_lag6,tipo_cambio_interbancario_lag6,udis_lag6,unemployment_mx_wdi_lag6,usdeur_frankfurter_lag6,usdjpy_frankfurter_lag6,usdmxn_frankfurter_lag6,usdmxn_stooq_lag6,captacion_bancaria_total_pct,cetes_28d_pct,confianza_consumidor_banxico_pct,confianza_empresarial_banxico_pct,cpi_g7_oecd_pct,credito_privado_total_pct,debt_gdp_mx_wdi_pct,eurmxn_frankfurter_pct,gdp_mx_wdi_pct,gold_xauusd_stooq_pct,inpc_general_pct,inpc_subyacente_pct,ipc_bmv_pct,nasdaq_stooq_pct,pib_trimestral_desestacionalizado_pct,pib_trimestral_inegi_limpio_pct,population_mx_wdi_pct,remesas_familiares_pct,remittances_mx_wdi_pct,reservas_internacionales_pct,sp500_stooq_pct,tasa_fondeo_pct,tasa_referencia_pct,tasa_reportos_pct,tiie_28d_pct,tiie_91d_pct,tipo_cambio_euro_pct,tipo_cambio_fix_pct,tipo_cambio_historico_pct,tipo_cambio_interbancario_pct,udis_pct,unemployment_mx_wdi_pct,usdeur_frankfurter_pct,usdjpy_frankfurter_pct,usdmxn_frankfurter_pct,usdmxn_stooq_pct,tasa_real,tiie_real
2002-02-28,1050.0,5.2562,7.5,303861.0,-0.581639887282332,5.67,41.3273940627237,17.8679,1213294467779.98,1254.2209523809524,3.1266434166666666,2.9604881944444443,21.543725,4182.6415,3.582580197055222,17228388.249333333,121072306.0,7508.270833333333,26824907167.0,41903.875,2028.1785,9.109285714285717,5.431818181818182,2417.333333333333,8.990263157894736,9.6870625,14.3082,22.177983333333334,22.177983333333334,9.683525,6.48792375,4.311,0.82366,119.62,18.8891,18.7969,1061.6666666666667,5.2562,7.5,303861.0,-0.581639887282332,6.71,41.3273940627237,17.8679,1213294467779.98,1254.2209523809524,3.1260123333333336,3.0224333333333333,21.543725,4182.6415,3.582580197055222,17377639.013666663,121072306.0,0.0,26824907167.0,41063.375,2028.1785,9.159125806451614,5.431818181818182,2417.333333333333,7.9675,9.632357142857144,14.3082,22.177983333333334,22.177983333333334,9.630957142857142,6.48792375,4.311,0.82366,119.62,18.8891,18.7969,1078.0,5.2562,7.5,303861.0,-0.581639887282332,13.89,41.3273940627237,17.8679,1213294467779.98,1254.2209523809524,2.9841574166666667,2.9338527777777776,21.543725,4182.6415,3.582580197055222,17604946.473666664,121072306.0,0.0,26824907167.0,40155.48,2028.1785,9.219923333333332,5.431818181818182,2417.333333333333,8.9,9.349625,14.3082,22.177983333333334,22.177983333333334,9.3455,6.48792375,4.311,0.82366,119.62,18.8891,18.7969,1061.6666666666667,5.2562,7.5,303861.0,-0.581639887282332,13.726666666666668,41.3273940627237,17.8679,1213294467779.98,1254.2209523809524,2.9829081666666664,2.8009819444444446,21.543725,4182.6415,3.582580197055222,17798713.023333333,121072306.0,0.0,26824907167.0,38775.1,2028.1785,9.12428064516129,5.431818181818182,2417.333333333333,9.289782608695653,9.3870625,14.3082,22.177983333333334,22.177983333333334,9.3912375,6.48792375,4.311,0.82366,119.62,18.8891,18.7969,-1.098901098901106,0.0,0.0,0.0,0.0,-15.499254843517141,0.0,0.0,0.0,0.0,0.02018812679027704,-2.049512166429557,0.0,0.0,0.0,-0.858866755236154,0.0,inf,0.0,2.046836140477981,0.0,-0.5441577418970556,0.0,0.0,12.836688520799955,0.5679332309996621,0.0,0.0,0.0,0.545821732597429,0.0,0.0,0.0,0.0,0.0,0.0,5.411630055027905,8.970075031104459
2002-03-31,1022.5,5.2562,7.5,303861.0,-0.581639887282332,7.57,41.3273940627237,17.8679,1213294467779.98,1254.2209523809524,3.12727475,2.8985430555555554,21.543725,4182.6415,3.582580197055222,17079137.485,121072306.0,15016.541666666666,26824907167.0,42090.28,2028.1785,9.077925806451614,5.431818181818182,2417.333333333333,8.470277777777778,9.69025,14.3082,22.177983333333334,22.177983333333334,9.689925,6.48792375,4.311,0.82366,119.62,18.8891,18.7969,1050.0,5.2562,7.5,303861.0,-0.581639887282332,5.67,41.3273940627237,17.8679,1213294467779.98,1254.2209523809524,3.1266434166666666,2.9604881944444443,21.543725,4182.6415,3.582580197055222,17228388.249333333,121072306.0,7508.270833333333,26824907167.0,41903.875,2028.1785,9.109285714285717,5.431818181818182,2417.333333333333,8.990263157894736,9.6870625,14.3082,22.177983333333334,22.177983333333334,9.683525,6.48792375,4.311,0.82366,119.62,18.8891,18.7969,1050.0,5.2562,7.5,303861.0,-0.581639887282332,9.42,41.3273940627237,17.8679,1213294467779.98,1254.2209523809524,2.9845605,2.9781430555555555,21.543725,4182.6415,3.582580197055222,17526889.777999997,121072306.0,0.0,26824907167.0,40043.1,2028.1785,9.173916129032255,5.431818181818182,2417.333333333333,7.941578947368422,9.477125,14.3082,22.177983333333334,22.177983333333334,9.4733125,6.48792375,4.311,0.82366,119.62,18.8891,18.7969,1064.0,5.2562,7.5,303861.0,-0.581639887282332,7.24,41.3273940627237,17.8679,1213294467779.98,1254.2209523809524,2.9833311666666664,2.8452722222222224,21.543725,4182.6415,3.582580197055222,17761059.865000002,121072306.0,0.0,26824907167.0,39204.25,2028.1785,9.38729,5.431818181818182,2417.333333333333,10.9475,9.408555555555555,14.3082,22.177983333333334,22.177983333333334,9.407511111111113,6.48792375,4.311,0.82366,119.62,18.8891,18.7969,-2.619047619047621,0.0,0.0,0.0,0.0,33.50970017636685,0.0,0.0,0.0,0.0,0.020192047803346824,-2.092396078630987,0.0,0.0,0.0,-0.8663071795999788,0.0,100.0,0.0,0.44483952856388953,0.0,-0.34426308294318586,0.0,0.0,-5.783872740814456,0.032904711825709754,0.0,0.0,0.0,0.06609163501929416,0.0,0.0,0.0,0.0,0.0,0.0,5.411626134014835,8.45008572997443
2002-04-30,994.0,5.2562,7.5,303861.0,-0.581639887282332,7.205,41.3273940627237,17.8679,1213294467779.98,1254.2209523809524,3.127906416666667,2.8365979166666664,21.543725,4182.6415,3.582580197055222,17391691.04,121072306.0,22524.8125,26824907167.0,41392.05,2028.1785,9.143976666666669,5.431818181818182,2417.333333333333,6.849318181818182,9.6615,14.3082,22.177983333333334,22.177983333333334,9.66849,6.48792375,4.311,0.82366,119.62,18.8891,18.7969,1022.5,5.2562,7.5,303861.0,-0.581639887282332,7.57,41.3273940627237,17.8679,1213294467779.98,1254.2209523809524,3.12727475,2.8985430555555554,21.543725,4182.6415,3.582580197055222,17079137.485,121072306.0,15016.541666666666,26824907167.0,42090.28,2028.1785,9.077925806451614,5.431818181818182,2417.333333333333,8.470277777777778,9.69025,14.3082,22.177983333333334,22.177983333333334,9.689925,6.48792375,4.311,0.82366,119.62,18.8891,18.7969,1061.6666666666667,5.2562,7.5,303861.0,-0.581639887282332,6.71,41.3273940627237,17.8679,1213294467779.98,1254.2209523809524,3.1260123333333336,3.0224333333333333,21.543725,4182.6415,3.582580197055222,17377639.013666663,121072306.0,0.0,26824907167.0,41063.375,2028.1785,9.159125806451614,5.431818181818182,2417.333333333333,7.9675,9.632357142857144,14.3082,22.177983333333334,22.177983333333334,9.630957142857142,6.48792375,4.311,0.82366,119.62,18.8891,18.7969,1036.0,5.2562,7.5,303861.0,-0.581639887282332,12.94,41.3273940627237,17.8679,1213294467779.98,1254.2209523809524,2.983754583333333,2.8895625000000003,21.543725,4182.6415,3.582580197055222,17683003.169333335,121072306.0,0.0,26824907167.0,39575.875,2028.1785,9.360006451612902,5.431818181818182,2417.333333333333,10.338478260869564,9.3186875,14.3082,22.177983333333334,22.177983333333334,9.3198,6.48792375,4.311,0.82366,119.62,18.8891,18.7969,-2.787286063569683,0.0,0.0,0.0,0.0,-4.821664464993402,0.0,0.0,0.0,0.0,0.020198630346324187,-2.1371129461113414,0.0,0.0,0.0,1.8300312605042501,0.0,50.0,0.0,-1.6588865647840678,0.0,0.7275985905074611,0.0,0.0,-19.13702995918586,-0.2966899718789606,0.0,0.0,0.0,-0.2212091424856233,0.0,0.0,0.0,0.0,0.0,0.0,5.4116195514718575,6.829119551471858
2002-05-31,966.0,5.2562,7.5,303861.0,-0.581639887282332,6.635,41.3273940627237,17.8679,1213294467779.98,1254.2209523809524,3.1285380000000003,2.774652777777778,21.543725,4182.6415,3.582580197055222,17704244.595,121072306.0,30033.083333333332,26824907167.0,41338.66,2028.1785,9.479467741935483,5.431818181818182,2417.333333333333,7.727954545454546,9.75675,14.3082,22.177983333333334,22.177983333333334,9.74975,6.48792375,4.311,0.82366,119.62,18.8891,18.7969,994.0,5.2562,7.5,303861.0,-0.581639887282332,7.205,41.3273940627237,17.8679,1213294467779.98,1254.2209523809524,3.127906416666667,2.8365979166666664,21.543725,4182.6415,3.582580197055222,17391691.04,121072306.0,22524.8125,26824907167.0,41392.05,2028.1785,9.143976666666669,5.431818181818182,2417.333333333333,6.849318181818182,9.6615,14.3082,22.177983333333334,22.177983333333334,9.66849,6.48792375,4.311,0.82366,119.62,18.8891,18.7969,1050.0,5.2562,7.5,303861.0,-0.581639887282332,5.67,41.3273940627237,17.8679,1213294467779.98,1254.2209523809524,3.1266434166666666,2.9604881944444443,21.543725,4182.6415,3.582580197055222,17228388.249333333,121072306.0,7508.270833333333,26824907167.0,41903.875,2028.1785,9.109285714285717,5.431818181818182,2417.333333333333,8.990263157894736,9.6870625,14.3082,22.177983333333334,22.177983333333334,9.683525,6.48792375,4.311,0.82366,119.62,18.8891,18.7969,1078.0,5.2562,7.5,303861.0,-0.581639887282332,13.89,41.3273940627237,17.8679,1213294467779.98,1254.2209523809524,2.9841574166666667,2.9338527777777776,21.543725,4182.6415,3.582580197055222,17604946.473666664,121072306.0,0.0,26824907167.0,40155.48,2028.1785,9.219923333333332,5.431818181818182,2417.333333333333,8.9,9.349625,14.3082,22.177983333333334,22.177983333333334,9.3455,6.48792375,4.311,0.82366,119.62,18.8891,18.7969,-2.8169014084507005,0.0,0.0,0.0,0.0,-7.9111727966689855,0.0,0.0,0.0,0.0,0.020191887134735076,-2.183782852159788,0.0,0.0,0.0,1.7971429821352247,0.0,33.33333333333333,0.0,-0.12898612173110058,0.0,3.66898437625951,0.0,0.0,12.828085078143147,0.9858717590436328,0.0,0.0,0.0,0.8404621611027174,0.0,0.0,0.0,0.0,0.0,0.0,5.411626294683447,7.707762658319811
2002-06-30,938.0,5.2562,7.5,303861.0,-0.581639887282332,7.0,41.3273940627237,17.8679,1213294467779.98,1254.2209523809524,3.129169833333333,2.712707638888889,21.543725,4182.6415,3.582580197055222,18016798.15,121072306.0,37541.354166666664,26824907167.0,42132.85,2028.1785,9.75009,5.431818181818182,2417.333333333333,8.41975,9.70975,14.3082,22.177983333333334,22.177983333333334,9.7035,6.48792375,4.311,0.82366,119.62,18.8891,18.7969,966.0,5.2562,7.5,303861.0,-0.581639887282332,6.635,41.3273940627237,17.8679,1213294467779.98,1254.2209523809524,3.1285380000000003,2.774652777777778,21.543725,4182.6415,3.582580197055222,17704244.595,121072306.0,30033.083333333332,26824907167.0,41338.66,2028.1785,9.479467741935483,5.431818181818182,2417.333333333333,7.727954545454546,9.75675,14.3082,22.177983333333334,22.177983333333334,9.74975,6.48792375,4.311,0.82366,119.62,18.8891,18.7969,1022.5,5.2562,7.5,303861.0,-0.581639887282332,7.57,41.3273940627237,17.8679,1213294467779.98,1254.2209523809524,3.12727475,2.8985430555555554,21.543725,4182.6415,3.582580197055222,17079137.485,121072306.0,15016.541666666666,26824907167.0,42090.28,2028.1785,9.077925806451614,5.431818181818182,2417.333333333333,8.470277777777778,9.69025,14.3082,22.177983333333334,22.177983333333334,9.689925,6.48792375,4.311,0.82366,119.62,18.8891,18.7969,1050.0,5.2562,7.5,303861.0,-0.581639887282332,9.42,41.3273940627237,17.8679,1213294467779.98,1254.2209523809524,2.9845605,2.9781430555555555,21.543725,4182.6415,3.582580197055222,17526889.777999997,121072306.0,0.0,26824907167.0,40043.1,2028.1785,9.173916129032255,5.431818181818182,2417.333333333333,7.941578947368422,9.477125,14.3082,22.177983333333334,22.177983333333334,9.4733125,6.48792375,4.311,0.82366,119.62,18.8891,18.7969,-2.898550724637683,0.0,0.0,0.0,0.0,5.50113036925397,0.0,0.0,0.0,0.0,0.020195801787692425,-2.232536603679147,0.0,0.0,0.0,1.765415933579395,0.0,25.0,0.0,1.9211798350502685,0.0,2.8548254546753915,0.0,0.0,8.951857189071543,-0.4817177851231258,0.0,0.0,0.0,-0.4743711377214854,0.0,0.0,0.0,0.0,0.0,0.0,5.411622380030489,8.399554198212307
2002-07-31,923.622641509434,5.2562,7.5,303861.0,-0.581639887282332,7.486666666666667,41.3273940627237,17.8679,1213294467779.98,1254.2209523809524,3.1298021666666664,2.6507625,21.543725,4182.6415,3.582580197055222,17953866.56833333,121072306.0,45049.625,26824907167.0,43067.075,2028.1785,9.79253870967742,5.431818181818182,2417.333333333333,8.335652173913044,9.6018125,14.3082,22.177983333333334,22.177983333333334,9.598225,6.48792375,4.311,0.82366,119.62,18.8891,18.7969,938.0,5.2562,7.5,303861.0,-0.581639887282332,7.0,41.3273940627237,17.8679,1213294467779.98,1254.2209523809524,3.129169833333333,2.712707638888889,21.543725,4182.6415,3.582580197055222,18016798.15,121072306.0,37541.354166666664,26824907167.0,42132.85,2028.1785,9.75009,5.431818181818182,2417.333333333333,8.41975,9.70975,14.3082,22.177983333333334,22.177983333333334,9.7035,6.48792375,4.311,0.82366,119.62,18.8891,18.7969,994.0,5.2562,7.5,303861.0,-0.581639887282332,7.205,41.3273940627237,17.8679,1213294467779.98,1254.2209523809524,3.127906416666667,2.8365979166666664,21.543725,4182.6415,3.582580197055222,17391691.04,121072306.0,22524.8125,26824907167.0,41392.05,2028.1785,9.143976666666669,5.431818181818182,2417.333333333333,6.849318181818182,9.6615,14.3082,22.177983333333334,22.177983333333334,9.66849,6.48792375,4.311,0.82366,119.62,18.8891,18.7969,1061.6666666666667,5.2562,7.5,303861.0,-0.581639887282332,6.71,41.3273940627237,17.8679,1213294467779.98,1254.2209523809524,3.1260123333333336,3.0224333333333333,21.543725,4182.6415,3.582580197055222,17377639.013666663,121072306.0,0.0,26824907167.0,41063.375,2028.1785,9.159125806451614,5.431818181818182,2417.333333333333,7.9675,9.632357142857144,14.3082,22.177983333333334,22.177983333333334,9.630957142857142,6.48792375,4.311,0.82366,119.62,18.8891,18.7969,-1.5327674296978788,0.0,0.0,0.0,0.0,6.952380952380954,0.0,0.0,0.0,0.0,0.02020770258608362,-2.283516955563314,0.0,0.0,0.0,-0.34929392638317625,0.0,20.000000000000018,0.0,2.2173316070477123,0.0,0.4353673625312027,0.0,0.0,-0.9988161891618774,-1.1116403614923165,0.0,0.0,0.0,-1.0849178131602022,0.0,0.0,0.0,0.0,0.0,0.0,5.411610479232098,8.315444471326959
2002-08-31,909.2452830188679,5.2562,7.5,303861.0,-0.581639887282332,6.53,41.3273940627237,17.8679,1213294467779.98,1254.2209523809524,3.1304345,2.588817361111111,21.543725,4182.6415,3.582580197055222,17890934.98666667,121072306.0,52557.89583333333,26824907167.0,44090.84,2028.1785,9.833690322580646,5.431818181818182,2417.333333333333,7.613636363636363,9.547555555555554,14.3082,22.177983333333334,22.177983333333334,9.548266666666668,6.48792375,4.311,0.82366,119.62,18.8891,18.7969,923.622641509434,5.2562,7.5,303861.0,-0.581639887282332,7.486666666666667,41.3273940627237,17.8679,1213294467779.98,1254.2209523809524,3.1298021666666664,2.6507625,21.543725,4182.6415,3.582580197055222,17953866.56833333,121072306.0,45049.625,26824907167.0,43067.075,2028.1785,9.79253870967742,5.431818181818182,2417.333333333333,8.335652173913044,9.6018125,14.3082,22.177983333333334,22.177983333333334,9.598225,6.48792375,4.311,0.82366,119.62,18.8891,18.7969,966.0,5.2562,7.5,303861.0,-0.581639887282332,6.635,41.3273940627237,17.8679,1213294467779.98,1254.2209523809524,3.1285380000000003,2.774652777777778,21.543725,4182.6415,3.582580197055222,17704244.595,121072306.0,30033.083333333332,26824907167.0,41338.66,2028.1785,9.479467741935483,5.431818181818182,2417.333333333333,7.727954545454546,9.75675,14.3082,22.177983333333334,22.177983333333334,9.74975,6.48792375,4.311,0.82366,119.62,18.8891,18.7969,1050.0,5.2562,7.5,303861.0,-0.581639887282332,5.67,41.3273940627237,17.8679,1213294467779.98,1254.2209523809524,3.1266434166666666,2.9604881944444443,21.543725,4182.6415,3.582580197055222,17228388.249333333,121072306.0,7508.270833333333,26824907167.0,41903.875,2028.1785,9.109285714285717,5.431818181818182,2417.333333333333,8.990263157894736,9.6870625,14.3082,22.177983333333334,22.177983333333334,9.683525,6.48792375,4.311,0.82366,119.62,18.8891,18.7969,-1.5566268998202348,0.0,0.0,0.0,0.0,-12.778272484416743,0.0,0.0,0.0,0.0,0.02020361989865105,-2.3368800067485873,0.0,0.0,0.0,-0.35051826539505004,0.0,16.66666666666665,0.0,2.377140774013564,0.0,0.4202343654006624,0.0,0.0,-8.661779489027566,-0.5650698182707137,0.0,0.0,0.0,-0.5204955430127001,0.0,0.0,0.0,0.0,0.0,0.0,5.411614561919531,7.593432743737712
2002-09-30,894.8679245283018,5.2562,7.5,303861.0,-0.581639887282332,6.58,41.3273940627237,17.8679,1213294467779.98,1254.2209523809524,3.1310670833333334,2.526872222222222,21.543725,4182.6415,3.582580197055222,17828003.405,121072306.0,60066.166666666664,26824907167.0,44550.9,2028.1785,10.041773333333332,5.431818181818182,2417.333333333333,8.373000000000001,9.7186875,14.3082,22.177983333333334,22.177983333333334,9.707825,6.48792375,4.311,0.82366,119.62,18.8891,18.7969,909.2452830188679,5.2562,7.5,303861.0,-0.581639887282332,6.53,41.3273940627237,17.8679,1213294467779.98,1254.2209523809524,3.1304345,2.588817361111111,21.543725,4182.6415,3.582580197055222,17890934.98666667,121072306.0,52557.89583333333,26824907167.0,44090.84,2028.1785,9.833690322580646,5.431818181818182,2417.333333333333,7.613636363636363,9.547555555555554,14.3082,22.177983333333334,22.177983333333334,9.548266666666668,6.48792375,4.311,0.82366,119.62,18.8891,18.7969,938.0,5.2562,7.5,303861.0,-0.581639887282332,7.0,41.3273940627237,17.8679,1213294467779.98,1254.2209523809524,3.129169833333333,2.712707638888889,21.543725,4182.6415,3.582580197055222,18016798.15,121072306.0,37541.354166666664,26824907167.0,42132.85,2028.1785,9.75009,5.431818181818182,2417.333333333333,8.41975,9.70975,14.3082,22.177983333333334,22.177983333333334,9.7035,6.48792375,4.311,0.82366,119.62,18.8891,18.7969,1022.5,5.2562,7.5,303861.0,-0.581639887282332,7.57,41.3273940627237,17.8679,1213294467779.98,1254.2209523809524,3.12727475,2.8985430555555554,21.543725,4182.6415,3.582580197055222,17079137.485,121072306.0,15016.541666666666,26824907167.0,42090.28,2028.1785,9.077925806451614,5.431818181818182,2417.333333333333,8.470277777777778,9.69025,14.3082,22.177983333333334,22.177983333333334,9.689925,6.48792375,4.311,0.82366,119.62,18.8891,18.7969,-1.5812409213529777,0.0,0.0,0.0,0.0,0.7656967840734996,0.0,0.0,0.0,0.0,0.02020752497244871,-2.39279679669262,0.0,0.0,0.0,-0.3517512176617221,0.0,14.285714285714302,0.0,1.0434366866224565,0.0,2.116021594404649,0.0,0.0,9.97373134328361,1.7924163252956093,0.0,0.0,0.0,1.6710711891861463,0.0,0.0,0.0,0.0,0.0,0.0,5.411610656845733,8.352792475027552
2002-10-31,880.4905660377358,5.2562,7.5,303861.0,-0.581639887282332,7.1850000000000005,41.3273940627237,17.8679,1213294467779.98,1254.2209523809524,3.1316998333333337,2.4649270833333334,21.543725,4182.6415,3.582580197055222,17830155.60666667,121072306.0,67574.4375,26824907167.0,44740.375,2028.1785,10.090987096774194,5.431818181818182,2417.333333333333,8.671956521739132,9.7114375,14.3082,22.177983333333334,22.177983333333334,9.7096625,6.48792375,4.311,0.82366,119.62,18.8891,18.7969,894.8679245283018,5.2562,7.5,303861.0,-0.581639887282332,6.58,41.3273940627237,17.8679,1213294467779.98,1254.2209523809524,3.1310670833333334,2.526872222222222,21.543725,4182.6415,3.582580197055222,17828003.405,121072306.0,60066.166666666664,26824907167.0,44550.9,2028.1785,10.041773333333332,5.431818181818182,2417.333333333333,8.373000000000001,9.7186875,14.3082,22.177983333333334,22.177983333333334,9.707825,6.48792375,4.311,0.82366,119.62,18.8891,18.7969,923.622641509434,5.2562,7.5,303861.0,-0.581639887282332,7.486666666666667,41.3273940627237,17.8679,1213294467779.98,1254.2209523809524,3.1298021666666664,2.6507625,21.543725,4182.6415,3.582580197055222,17953866.56833333,121072306.0,45049.625,26824907167.0,43067.075,2028.1785,9.79253870967742,5.431818181818182,2417.333333333333,8.335652173913044,9.6018125,14.3082,22.177983333333334,22.177983333333334,9.598225,6.48792375,4.311,0.82366,119.62,18.8891,18.7969,994.0,5.2562,7.5,303861.0,-0.581639887282332,7.205,41.3273940627237,17.8679,1213294467779.98,1254.2209523809524,3.127906416666667,2.8365979166666664,21.543725,4182.6415,3.582580197055222,17391691.04,121072306.0,22524.8125,26824907167.0,41392.05,2028.1785,9.143976666666669,5.431818181818182,2417.333333333333,6.849318181818182,9.6615,14.3082,22.177983333333334,22.177983333333334,9.66849,6.48792375,4.311,0.82366,119.62,18.8891,18.7969,-1.606645863203171,0.0,0.0,0.0,0.0,9.194528875379948,0.0,0.0,0.0,0.0,0.020208765355689273,-2.451455136675318,0.0,0.0,0.0,0.012072028582088556,0.0,12.5,0.0,0.42530005005509963,0.0,0.4900903635964182,0.0,0.0,3.57048276291807,-0.0745985504729818,0.0,0.0,0.0,0.01892802970799856,0.0,0.0,0.0,0.0,0.0,0.0,5.411609416462492,8.651747756383443
2002-11-30,866.1132075471698,5.2562,7.5,303861.0,-0.581639887282332,6.756666666666667,41.3273940627237,17.8679,1213294467779.98,1254.2209523809524,3.13197975,2.4029819444444445,21.543725,4182.6415,3.582580197055222,17832307.808333334,121072306.0,75082.70833333333,26824907167.0,45119.64,2028.1785,10.19164,5.431818181818182,2417.333333333333,8.33125,9.6602,14.3082,22.177983333333334,22.177983333333334,9.65946,6.48792375,4.311,0.82366,119.62,18.8891,18.7969,880.4905660377358,5.2562,7.5,303861.0,-0.581639887282332,7.1850000000000005,41.3273940627237,17.8679,1213294467779.98,1254.2209523809524,3.1316998333333337,2.4649270833333334,21.543725,4182.6415,3.582580197055222,17830155.60666667,121072306.0,67574.4375,26824907167.0,44740.375,2028.1785,10.090987096774194,5.431818181818182,2417.333333333333,8.671956521739132,9.7114375,14.3082,22.177983333333334,22.177983333333334,9.7096625,6.48792375,4.311,0.82366,119.62,18.8891,18.7969,909.2452830188679,5.2562,7.5,303861.0,-0.581639887282332,6.53,41.3273940627237,17.8679,1213294467779.98,1254.2209523809524,3.1304345,2.588817361111111,21.543725,4182.6415,3.582580197055222,17890934.98666667,121072306.0,52557.89583333333,26824907167.0,44090.84,2028.1785,9.833690322580646,5.431818181818182,2417.333333333333,7.613636363636363,9.547555555555554,14.3082,22.177983333333334,22.177983333333334,9.548266666666668,6.48792375,4.311,0.82366,119.62,18.8891,18.7969,966.0,5.2562,7.5,303861.0,-0.581639887282332,6.635,41.3273940627237,17.8679,1213294467779.98,1254.2209523809524,3.1285380000000003,2.774652777777778,21.543725,4182.6415,3.582580197055222,17704244.595,121072306.0,30033.083333333332,26824907167.0,41338.66,2028.1785,9.479467741935483,5.431818181818182,2417.333333333333,7.727954545454546,9.75675,14.3082,22.177983333333334,22.177983333333334,9.74975,6.48792375,4.311,0.82366,119.62,18.8891,18.7969,-1.6328804697209875,0.0,0.0,0.0,0.0,-5.961493852934363,0.0,0.0,0.0,0.0,0.008938170372752019,-2.5130617172302028,0.0,0.0,0.0,0.012070571419231513,0.0,11.111111111111093,0.0,0.8477018800133074,0.0,0.9974534925129452,0.0,0.0,-3.9288310646511837,-0.527599544351709,0.0,0.0,0.0,-0.5170365087355133,0.0,0.0,0.0,0.0,0.0,0.0,5.42288001144543,8.32231182962725
2002-12-31,851.7358490566038,5.2562,7.5,303861.0,-0.581639887282332,6.87,41.3273940627237,17.8679,1213294467779.98,1254.2209523809524,3.132259916666667,2.3410368055555555,21.543725,4182.6415,3.582580197055222,17834460.01,121072306.0,82590.97916666666,26824907167.0,45789.55,2028.1785,10.199196774193547,5.431818181818182,2417.333333333333,8.255500000000001,9.6148125,14.3082,22.177983333333334,22.177983333333334,9.6047125,6.48792375,4.311,0.82366,119.62,18.8891,18.7969,866.1132075471698,5.2562,7.5,303861.0,-0.581639887282332,6.756666666666667,41.3273940627237,17.8679,1213294467779.98,1254.2209523809524,3.13197975,2.4029819444444445,21.543725,4182.6415,3.582580197055222,17832307.808333334,121072306.0,75082.70833333333,26824907167.0,45119.64,2028.1785,10.19164,5.431818181818182,2417.333333333333,8.33125,9.6602,14.3082,22.177983333333334,22.177983333333334,9.65946,6.48792375,4.311,0.82366,119.62,18.8891,18.7969,894.8679245283018,5.2562,7.5,303861.0,-0.581639887282332,6.58,41.3273940627237,17.8679,1213294467779.98,1254.2209523809524,3.1310670833333334,2.526872222222222,21.543725,4182.6415,3.582580197055222,17828003.405,121072306.0,60066.166666666664,26824907167.0,44550.9,2028.1785,10.041773333333332,5.431818181818182,2417.333333333333,8.373000000000001,9.7186875,14.3082,22.177983333333334,22.177983333333334,9.707825,6.48792375,4.311,0.82366,119.62,18.8891,18.7969,938.0,5.2562,7.5,303861.0,-0.581639887282332,7.0,41.3273940627237,17.8679,1213294467779.98,1254.2209523809524,3.129169833333333,2.712707638888889,21.543725,4182.6415,3.582580197055222,18016798.15,121072306.0,37541.354166666664,26824907167.0,42132.85,2028.1785,9.75009,5.431818181818182,2417.333333333333,8.41975,9.70975,14.3082,22.177983333333334,22.177983333333334,9.7035,6.48792375,4.311,0.82366,119.62,18.8891,18.7969,-1.6599860578598857,0.0,0.0,0.0,0.0,1.6773556980759663,0.0,0.0,0.0,0.0,0.008945353706923953,-2.5778445415331808,0.0,0.0,0.0,0.012069114608159737,0.0,9.999999999999986,0.0,1.4847414562704886,0.0,0.07414679279829084,0.0,0.0,-0.9092273068266987,-0.4698401689406051,0.0,0.0,0.0,-0.5667759895480629,0.0,0.0,0.0,0.0,0.0,0.0,5.422872828111258,8.246554646293077
2003-01-31,837.3584905660377,5.2562,7.5,303861.0,-0.581639887282332,6.470000000000001,41.3273940627237,17.8679,1213294467779.98,1254.2209523809524,3.274928333333333,2.2790916666666665,21.543725,4182.6415,3.582580197055222,17759508.632666666,121072306.0,90099.25,26824907167.0,48471.16,2028.1785,10.553035483870968,5.431818181818182,2417.333333333333,9.14340909090909,10.866083333333334,14.3082,22.177983333333334,22.177983333333334,10.86185,6.48792375,4.311,0.82366,119.62,18.8891,18.7969,851.7358490566038,5.2562,7.5,303861.0,-0.581639887282332,6.87,41.3273940627237,17.8679,1213294467779.98,1254.2209523809524,3.132259916666667,2.3410368055555555,21.543725,4182.6415,3.582580197055222,17834460.01,121072306.0,82590.97916666666,26824907167.0,45789.55,2028.1785,10.199196774193547,5.431818181818182,2417.333333333333,8.255500000000001,9.6148125,14.3082,22.177983333333334,22.177983333333334,9.6047125,6.48792375,4.311,0.82366,119.62,18.8891,18.7969,880.4905660377358,5.2562,7.5,303861.0,-0.581639887282332,7.1850000000000005,41.3273940627237,17.8679,1213294467779.98,1254.2209523809524,3.1316998333333337,2.4649270833333334,21.543725,4182.6415,3.582580197055222,17830155.60666667,121072306.0,67574.4375,26824907167.0,44740.375,2028.1785,10.090987096774194,5.431818181818182,2417.333333333333,8.671956521739132,9.7114375,14.3082,22.177983333333334,22.177983333333334,9.7096625,6.48792375,4.311,0.82366,119.62,18.8891,18.7969,923.622641509434,5.2562,7.5,303861.0,-0.581639887282332,7.486666666666667,41.3273940627237,17.8679,1213294467779.98,1254.2209523809524,3.1298021666666664,2.6507625,21.543725,4182.6415,3.582580197055222,17953866.56833333,121072306.0,45049.625,26824907167.0,43067.075,2028.1785,9.79253870967742,5.431818181818182,2417.333333333333,8.335652173913044,9.6018125,14.3082,22.177983333333334,22.177983333333334,9.598225,6.48792375,4.311,0.82366,119.62,18.8891,18.7969,-1.6880067343050809,0.0,0.0,0.0,0.0,-5.822416302765642,0.0,0.0,0.0,0.0,4.554807725486998,-2.646055745124809,0.0,0.0,0.0,-0.42026154585734776,0.0,9.090909090909104,0.0,5.856379894539265,0.0,3.4692801552051566,0.0,0.0,10.755364192466699,13.01399099913112,0.0,0.0,0.0,13.088757211629186,0.0,0.0,0.0,0.0,0.0,0.0,0.8770104563311838,4.588601365422092
2003-02-28,822.9811320754717,5.2562,7.5,303861.0,-0.581639887282332,6.07,41.3273940627237,17.8679,1213294467779.98,1254.2209523809524,3.275352583333333,2.4347090277777776,21.543725,4182.6415,3.582580197055222,17684557.255333334,121072306.0,82590.97916666667,26824907167.0,49902.35,2028.1785,10.914707142857145,5.431818181818182,2417.333333333333,9.905131578947367,10.7021875,14.3082,22.177983333333334,22.177983333333334,10.6867125,6.48792375,4.311,0.82366,119.62,18.8891,18.7969,837.3584905660377,5.2562,7.5,303861.0,-0.581639887282332,6.470000000000001,41.3273940627237,17.8679,1213294467779.98,1254.2209523809524,3.274928333333333,2.2790916666666665,21.543725,4182.6415,3.582580197055222,17759508.632666666,121072306.0,90099.25,26824907167.0,48471.16,2028.1785,10.553035483870968,5.431818181818182,2417.333333333333,9.14340909090909,10.866083333333334,14.3082,22.177983333333334,22.177983333333334,10.86185,6.48792375,4.311,0.82366,119.62,18.8891,18.7969,866.1132075471698,5.2562,7.5,303861.0,-0.581639887282332,6.756666666666667,41.3273940627237,17.8679,1213294467779.98,1254.2209523809524,3.13197975,2.4029819444444445,21.543725,4182.6415,3.582580197055222,17832307.808333334,121072306.0,75082.70833333333,26824907167.0,45119.64,2028.1785,10.19164,5.431818181818182,2417.333333333333,8.33125,9.6602,14.3082,22.177983333333334,22.177983333333334,9.65946,6.48792375,4.311,0.82366,119.62,18.8891,18.7969,909.2452830188679,5.2562,7.5,303861.0,-0.581639887282332,6.53,41.3273940627237,17.8679,1213294467779.98,1254.2209523809524,3.1304345,2.588817361111111,21.543725,4182.6415,3.582580197055222,17890934.98666667,121072306.0,52557.89583333333,26824907167.0,44090.84,2028.1785,9.833690322580646,5.431818181818182,2417.333333333333,7.613636363636363,9.547555555555554,14.3082,22.177983333333334,22.177983333333334,9.548266666666668,6.48792375,4.311,0.82366,119.62,18.8891,18.7969,-1.7169896349707114,0.0,0.0,0.0,0.0,-6.18238021638331,0.0,0.0,0.0,0.0,0.012954481955596009,6.828043092216318,0.0,0.0,0.0,-0.4220351975024128,0.0,-8.333333333333325,0.0,2.9526629855773923,0.0,3.4271813028483367,0.0,0.0,8.33083678598201,-1.508324833388297,0.0,0.0,0.0,-1.6124094882547624,0.0,0.0,0.0,0.0,0.0,0.0,5.418863699862586,9.892177096991771
2003-03-31,808.6037735849056,5.2562,7.5,303861.0,-0.581639887282332,6.550000000000001,41.3273940627237,17.8679,1213294467779.98,1254.2209523809524,3.2757770833333333,2.5903263888888888,21.543725,4182.6415,3.582580197055222,17609605.878,121072306.0,75082.70833333333,26824907167.0,50805.95,2028.1785,10.93968064516129,5.431818181818182,2417.333333333333,9.961,10.8115,14.3082,22.177983333333334,22.177983333333334,10.80514,6.48792375,4.311,0.82366,119.62,18.8891,18.7969,822.9811320754717,5.2562,7.5,303861.0,-0.581639887282332,6.07,41.3273940627237,17.8679,1213294467779.98,1254.2209523809524,3.275352583333333,2.4347090277777776,21.543725,4182.6415,3.582580197055222,17684557.255333334,121072306.0,82590.97916666667,26824907167.0,49902.35,2028.1785,10.914707142857145,5.431818181818182,2417.333333333333,9.905131578947367,10.7021875,14.3082,22.177983333333334,22.177983333333334,10.6867125,6.48792375,4.311,0.82366,119.62,18.8891,18.7969,851.7358490566038,5.2562,7.5,303861.0,-0.581639887282332,6.87,41.3273940627237,17.8679,1213294467779.98,1254.2209523809524,3.132259916666667,2.3410368055555555,21.543725,4182.6415,3.582580197055222,17834460.01,121072306.0,82590.97916666666,26824907167.0,45789.55,2028.1785,10.199196774193547,5.431818181818182,2417.333333333333,8.255500000000001,9.6148125,14.3082,22.177983333333334,22.177983333333334,9.6047125,6.48792375,4.311,0.82366,119.62,18.8891,18.7969,894.8679245283018,5.2562,7.5,303861.0,-0.581639887282332,6.58,41.3273940627237,17.8679,1213294467779.98,1254.2209523809524,3.1310670833333334,2.526872222222222,21.543725,4182.6415,3.582580197055222,17828003.405,121072306.0,60066.166666666664,26824907167.0,44550.9,2028.1785,10.041773333333332,5.431818181818182,2417.333333333333,8.373000000000001,9.7186875,14.3082,22.177983333333334,22.177983333333334,9.707825,6.48792375,4.311,0.82366,119.62,18.8891,18.7969,-1.746985189600625,0.0,0.0,0.0,0.0,7.907742998352552,0.0,0.0,0.0,0.0,0.012960436752984528,6.3916204908126995,0.0,0.0,0.0,-0.423823883466079,0.0,-9.090909090909104,0.0,1.8107363681269417,0.0,0.22880597690144722,0.0,0.0,0.564035122676998,1.0214033345986584,0.0,0.0,0.0,1.1081752222678265,0.0,0.0,0.0,0.0,0.0,0.0,5.418857745065197,9.948039563247015
2003-04-30,794.2264150943396,5.2562,7.5,303861.0,-0.581639887282332,5.645,41.3273940627237,17.8679,1213294467779.98,1254.2209523809524,3.2762016666666667,2.74594375,21.543725,4182.6415,3.582580197055222,17767291.868666667,121072306.0,67574.4375,26824907167.0,52334.975,2028.1785,10.631043333333334,5.431818181818182,2417.333333333333,8.58195,10.806444444444445,14.3082,22.177983333333334,22.177983333333334,10.807133333333333,6.48792375,4.311,0.82366,119.62,18.8891,18.7969,808.6037735849056,5.2562,7.5,303861.0,-0.581639887282332,6.550000000000001,41.3273940627237,17.8679,1213294467779.98,1254.2209523809524,3.2757770833333333,2.5903263888888888,21.543725,4182.6415,3.582580197055222,17609605.878,121072306.0,75082.70833333333,26824907167.0,50805.95,2028.1785,10.93968064516129,5.431818181818182,2417.333333333333,9.961,10.8115,14.3082,22.177983333333334,22.177983333333334,10.80514,6.48792375,4.311,0.82366,119.62,18.8891,18.7969,837.3584905660377,5.2562,7.5,303861.0,-0.581639887282332,6.470000000000001,41.3273940627237,17.8679,1213294467779.98,1254.2209523809524,3.274928333333333,2.2790916666666665,21.543725,4182.6415,3.582580197055222,17759508.632666666,121072306.0,90099.25,26824907167.0,48471.16,2028.1785,10.553035483870968,5.431818181818182,2417.333333333333,9.14340909090909,10.866083333333334,14.3082,22.177983333333334,22.177983333333334,10.86185,6.48792375,4.311,0.82366,119.62,18.8891,18.7969,880.4905660377358,5.2562,7.5,303861.0,-0.581639887282332,7.1850000000000005,41.3273940627237,17.8679,1213294467779.98,1254.2209523809524,3.1316998333333337,2.4649270833333334,21.543725,4182.6415,3.582580197055222,17830155.60666667,121072306.0,67574.4375,26824907167.0,44740.375,2028.1785,10.090987096774194,5.431818181818182,2417.333333333333,8.671956521739132,9.7114375,14.3082,22.177983333333334,22.177983333333334,9.7096625,6.48792375,4.311,0.82366,119.62,18.8891,18.7969,-1.7780474145977276,0.0,0.0,0.0,0.0,-13.816793893129786,0.0,0.0,0.0,0.0,0.012961301167080386,6.0076352454511595,0.0,0.0,0.0,0.895454400053719,0.0,-9.999999999999998,0.0,3.0095392370381946,0.0,-2.8212643662908876,0.0,0.0,-13.844493524746504,-0.046760907881016056,0.0,0.0,0.0,0.018448010237093193,0.0,0.0,0.0,0.0,0.0,0.0,5.418856880651101,8.568988698832921
2003-05-31,779.8490566037735,5.2562,7.5,303861.0,-0.581639887282332,4.72,41.3273940627237,17.8679,1213294467779.98,1254.2209523809524,3.2766265000000003,2.901561111111111,21.543725,4182.6415,3.582580197055222,17924977.859333333,121072306.0,60066.16666666667,26824907167.0,53775.48,2028.1785,10.255787096774194,5.431818181818182,2417.333333333333,5.917142857142857,10.818928571428572,14.3082,22.177983333333334,22.177983333333334,10.812385714285714,6.48792375,4.311,0.82366,119.62,18.8891,18.7969,794.2264150943396,5.2562,7.5,303861.0,-0.581639887282332,5.645,41.3273940627237,17.8679,1213294467779.98,1254.2209523809524,3.2762016666666667,2.74594375,21.543725,4182.6415,3.582580197055222,17767291.868666667,121072306.0,67574.4375,26824907167.0,52334.975,2028.1785,10.631043333333334,5.431818181818182,2417.333333333333,8.58195,10.806444444444445,14.3082,22.177983333333334,22.177983333333334,10.807133333333333,6.48792375,4.311,0.82366,119.62,18.8891,18.7969,822.9811320754717,5.2562,7.5,303861.0,-0.581639887282332,6.07,41.3273940627237,17.8679,1213294467779.98,1254.2209523809524,3.275352583333333,2.4347090277777776,21.543725,4182.6415,3.582580197055222,17684557.255333334,121072306.0,82590.97916666667,26824907167.0,49902.35,2028.1785,10.914707142857145,5.431818181818182,2417.333333333333,9.905131578947367,10.7021875,14.3082,22.177983333333334,22.177983333333334,10.6867125,6.48792375,4.311,0.82366,119.62,18.8891,18.7969,866.1132075471698,5.2562,7.5,303861.0,-0.581639887282332,6.756666666666667,41.3273940627237,17.8679,1213294467779.98,1254.2209523809524,3.13197975,2.4029819444444445,21.543725,4182.6415,3.582580197055222,17832307.808333334,121072306.0,75082.70833333333,26824907167.0,45119.64,2028.1785,10.19164,5.431818181818182,2417.333333333333,8.33125,9.6602,14.3082,22.177983333333334,22.177983333333334,9.65946,6.48792375,4.311,0.82366,119.62,18.8891,18.7969,-1.8102342376585812,0.0,0.0,0.0,0.0,-16.386182462356068,0.0,0.0,0.0,0.0,0.012967252219420189,5.667172210323357,0.0,0.0,0.0,0.8875071779776977,0.0,-11.111111111111105,0.0,2.7524709814039428,0.0,-3.529815699109562,0.0,0.0,-31.051301194450488,0.11552483379992928,0.0,0.0,0.0,0.0486010562688266,0.0,0.0,0.0,0.0,0.0,0.0,5.4188509295987615,5.904175604923437
2003-06-30,765.4716981132076,5.2562,7.5,303861.0,-0.581639887282332,7.646666666666666,41.3273940627237,17.8679,1213294467779.98,1254.2209523809524,3.2770515,3.057178472222222,21.543725,4182.6415,3.582580197055222,18082663.85,121072306.0,52557.895833333336,26824907167.0,53342.175,2028.1785,10.497673333333331,5.431818181818182,2417.333333333333,5.788809523809523,10.7791875,14.3082,22.177983333333334,22.177983333333334,10.7827,6.48792375,4.311,0.82366,119.62,18.8891,18.7969,779.8490566037735,5.2562,7.5,303861.0,-0.581639887282332,4.72,41.3273940627237,17.8679,1213294467779.98,1254.2209523809524,3.2766265000000003,2.901561111111111,21.543725,4182.6415,3.582580197055222,17924977.859333333,121072306.0,60066.16666666667,26824907167.0,53775.48,2028.1785,10.255787096774194,5.431818181818182,2417.333333333333,5.917142857142857,10.818928571428572,14.3082,22.177983333333334,22.177983333333334,10.812385714285714,6.48792375,4.311,0.82366,119.62,18.8891,18.7969,808.6037735849056,5.2562,7.5,303861.0,-0.581639887282332,6.550000000000001,41.3273940627237,17.8679,1213294467779.98,1254.2209523809524,3.2757770833333333,2.5903263888888888,21.543725,4182.6415,3.582580197055222,17609605.878,121072306.0,75082.70833333333,26824907167.0,50805.95,2028.1785,10.93968064516129,5.431818181818182,2417.333333333333,9.961,10.8115,14.3082,22.177983333333334,22.177983333333334,10.80514,6.48792375,4.311,0.82366,119.62,18.8891,18.7969,851.7358490566038,5.2562,7.5,303861.0,-0.581639887282332,6.87,41.3273940627237,17.8679,1213294467779.98,1254.2209523809524,3.132259916666667,2.3410368055555555,21.543725,4182.6415,3.582580197055222,17834460.01,121072306.0,82590.97916666666,26824907167.0,45789.55,2028.1785,10.199196774193547,5.431818181818182,2417.333333333333,8.255500000000001,9.6148125,14.3082,22.177983333333334,22.177983333333334,9.6047125,6.48792375,4.311,0.82366,119.62,18.8891,18.7969,-1.8436078583179971,0.0,0.0,0.0,0.0,62.0056497175141,0.0,0.0,0.0,0.0,0.012970657473454494,5.363228798290587,0.0,0.0,0.0,0.8796997792918537,0.0,-12.5,0.0,-0.8057668662371786,0.0,2.358534106418997,0.0,0.0,-2.168839530017719,-0.36732908592743696,0.0,0.0,0.0,-0.2745528606743264,0.0,0.0,0.0,0.0,0.0,0.0,5.418847524344727,5.775838866336069
2003-07-31,751.0943396226414,5.2562,7.5,303861.0,-0.581639887282332,4.31,41.3273940627237,17.8679,1213294467779.98,1254.2209523809524,3.2774765,3.2127958333333337,21.543725,4182.6415,3.582580197055222,18008158.334000003,121072306.0,45049.625,26824907167.0,52585.975,2028.1785,10.442835483870969,5.431818181818182,2417.333333333333,5.298586956521739,10.741444444444443,14.3082,22.177983333333334,22.177983333333334,10.732133333333334,6.48792375,4.311,0.82366,119.62,18.8891,18.7969,765.4716981132076,5.2562,7.5,303861.0,-0.581639887282332,7.646666666666666,41.3273940627237,17.8679,1213294467779.98,1254.2209523809524,3.2770515,3.057178472222222,21.543725,4182.6415,3.582580197055222,18082663.85,121072306.0,52557.895833333336,26824907167.0,53342.175,2028.1785,10.497673333333331,5.431818181818182,2417.333333333333,5.788809523809523,10.7791875,14.3082,22.177983333333334,22.177983333333334,10.7827,6.48792375,4.311,0.82366,119.62,18.8891,18.7969,794.2264150943396,5.2562,7.5,303861.0,-0.581639887282332,5.645,41.3273940627237,17.8679,1213294467779.98,1254.2209523809524,3.2762016666666667,2.74594375,21.543725,4182.6415,3.582580197055222,17767291.868666667,121072306.0,67574.4375,26824907167.0,52334.975,2028.1785,10.631043333333334,5.431818181818182,2417.333333333333,8.58195,10.806444444444445,14.3082,22.177983333333334,22.177983333333334,10.807133333333333,6.48792375,4.311,0.82366,119.62,18.8891,18.7969,837.3584905660377,5.2562,7.5,303861.0,-0.581639887282332,6.470000000000001,41.3273940627237,17.8679,1213294467779.98,1254.2209523809524,3.274928333333333,2.2790916666666665,21.543725,4182.6415,3.582580197055222,17759508.632666666,121072306.0,90099.25,26824907167.0,48471.16,2028.1785,10.553035483870968,5.431818181818182,2417.333333333333,9.14340909090909,10.866083333333334,14.3082,22.177983333333334,22.177983333333334,10.86185,6.48792375,4.311,0.82366,119.62,18.8891,18.7969,-1.878235149124985,0.0,0.0,0.0,0.0,-43.63557105492589,0.0,0.0,0.0,0.0,0.012968975312110942,5.090228212878767,0.0,0.0,0.0,-0.41202732417103816,0.0,-14.28571428571429,0.0,-1.4176399818717655,0.0,-0.5223809859679629,0.0,0.0,-8.468452196802911,-0.35014750003705686,0.0,0.0,0.0,-0.4689610827220192,0.0,0.0,0.0,0.0,0.0,0.0,5.418849206506071,5.2856179812096284
2003-08-31,736.7169811320755,5.2562,7.5,303861.0,-0.581639887282332,5.82,41.3273940627237,17.8679,1213294467779.98,1254.2209523809524,3.2779016666666667,3.368413194444445,21.543725,4182.6415,3.582580197055222,17933652.818,121072306.0,37541.35416666667,26824907167.0,51530.98,2028.1785,10.738412903225807,5.431818181818182,2417.333333333333,4.973095238095239,10.735375,14.3082,22.177983333333334,22.177983333333334,10.735425,6.48792375,4.311,0.82366,119.62,18.8891,18.7969,751.0943396226414,5.2562,7.5,303861.0,-0.581639887282332,4.31,41.3273940627237,17.8679,1213294467779.98,1254.2209523809524,3.2774765,3.2127958333333337,21.543725,4182.6415,3.582580197055222,18008158.334000003,121072306.0,45049.625,26824907167.0,52585.975,2028.1785,10.442835483870969,5.431818181818182,2417.333333333333,5.298586956521739,10.741444444444443,14.3082,22.177983333333334,22.177983333333334,10.732133333333334,6.48792375,4.311,0.82366,119.62,18.8891,18.7969,779.8490566037735,5.2562,7.5,303861.0,-0.581639887282332,4.72,41.3273940627237,17.8679,1213294467779.98,1254.2209523809524,3.2766265000000003,2.901561111111111,21.543725,4182.6415,3.582580197055222,17924977.859333333,121072306.0,60066.16666666667,26824907167.0,53775.48,2028.1785,10.255787096774194,5.431818181818182,2417.333333333333,5.917142857142857,10.818928571428572,14.3082,22.177983333333334,22.177983333333334,10.812385714285714,6.48792375,4.311,0.82366,119.62,18.8891,18.7969,822.9811320754717,5.2562,7.5,303861.0,-0.581639887282332,6.07,41.3273940627237,17.8679,1213294467779.98,1254.2209523809524,3.275352583333333,2.4347090277777776,21.543725,4182.6415,3.582580197055222,17684557.255333334,121072306.0,82590.97916666667,26824907167.0,49902.35,2028.1785,10.914707142857145,5.431818181818182,2417.333333333333,9.905131578947367,10.7021875,14.3082,22.177983333333334,22.177983333333334,10.6867125,6.48792375,4.311,0.82366,119.62,18.8891,18.7969,-1.9141881028938768,0.0,0.0,0.0,0.0,35.03480278422275,0.0,0.0,0.0,0.0,0.012972378800180095,4.843674145009569,0.0,0.0,0.0,-0.41373201311393215,0.0,-16.66666666666665,0.0,-2.0062288471403122,0.0,2.830432594780996,0.0,0.0,-6.1429909728266345,-0.05650491864325202,0.0,0.0,0.0,0.03067113093389029,0.0,0.0,0.0,0.0,0.0,0.0,5.418845803018002,4.960122859295059
2003-09-30,722.3396226415094,5.2562,7.5,303861.0,-0.581639887282332,6.72,41.3273940627237,17.8679,1213294467779.98,1254.2209523809524,3.2783271666666667,3.524030555555556,21.543725,4182.6415,3.582580197055222,17859147.302,121072306.0,30033.083333333336,26824907167.0,51454.05,2028.1785,10.917736666666666,5.431818181818182,2417.333333333333,5.046428571428571,10.7550625,14.3082,22.177983333333334,22.177983333333334,10.7396375,6.48792375,4.311,0.82366,119.62,18.8891,18.7969,736.7169811320755,5.2562,7.5,303861.0,-0.581639887282332,5.82,41.3273940627237,17.8679,1213294467779.98,1254.2209523809524,3.2779016666666667,3.368413194444445,21.543725,4182.6415,3.582580197055222,17933652.818,121072306.0,37541.35416666667,26824907167.0,51530.98,2028.1785,10.738412903225807,5.431818181818182,2417.333333333333,4.973095238095239,10.735375,14.3082,22.177983333333334,22.177983333333334,10.735425,6.48792375,4.311,0.82366,119.62,18.8891,18.7969,765.4716981132076,5.2562,7.5,303861.0,-0.581639887282332,7.646666666666666,41.3273940627237,17.8679,1213294467779.98,1254.2209523809524,3.2770515,3.057178472222222,21.543725,4182.6415,3.582580197055222,18082663.85,121072306.0,52557.895833333336,26824907167.0,53342.175,2028.1785,10.497673333333331,5.431818181818182,2417.333333333333,5.788809523809523,10.7791875,14.3082,22.177983333333334,22.177983333333334,10.7827,6.48792375,4.311,0.82366,119.62,18.8891,18.7969,808.6037735849056,5.2562,7.5,303861.0,-0.581639887282332,6.550000000000001,41.3273940627237,17.8679,1213294467779.98,1254.2209523809524,3.2757770833333333,2.5903263888888888,21.543725,4182.6415,3.582580197055222,17609605.878,121072306.0,75082.70833333333,26824907167.0,50805.95,2028.1785,10.93968064516129,5.431818181818182,2417.333333333333,9.961,10.8115,14.3082,22.177983333333334,22.177983333333334,10.80514,6.48792375,4.311,0.82366,119.62,18.8891,18.7969,-1.9515443323259718,0.0,0.0,0.0,0.0,15.463917525773185,0.0,0.0,0.0,0.0,0.012980865299505595,4.619901185750375,0.0,0.0,0.0,-0.4154508663467449,0.0,-20.000000000000007,0.0,-0.14928883557037143,0.0,1.669927996408016,0.0,0.0,1.4746014267247087,0.18338902926073875,0.0,0.0,0.0,0.03923924763109543,0.0,0.0,0.0,0.0,0.0,0.0,5.418837316518676,5.033447706129065
2003-10-31,707.9622641509434,5.2562,7.5,303861.0,-0.581639887282332,6.58,41.3273940627237,17.8679,1213294467779.98,1254.2209523809524,3.2787528333333333,3.679647916666667,21.543725,4182.6415,3.582580197055222,17921383.064333335,121072306.0,22524.8125,26824907167.0,52499.52,2028.1785,11.179593548387096,5.431818181818182,2417.333333333333,5.595921739130435,10.8949,14.3082,22.177983333333334,22.177983333333334,10.88586,6.48792375,4.311,0.82366,119.62,18.8891,18.7969,722.3396226415094,5.2562,7.5,303861.0,-0.581639887282332,6.72,41.3273940627237,17.8679,1213294467779.98,1254.2209523809524,3.2783271666666667,3.524030555555556,21.543725,4182.6415,3.582580197055222,17859147.302,121072306.0,30033.083333333336,26824907167.0,51454.05,2028.1785,10.917736666666666,5.431818181818182,2417.333333333333,5.046428571428571,10.7550625,14.3082,22.177983333333334,22.177983333333334,10.7396375,6.48792375,4.311,0.82366,119.62,18.8891,18.7969,751.0943396226414,5.2562,7.5,303861.0,-0.581639887282332,4.31,41.3273940627237,17.8679,1213294467779.98,1254.2209523809524,3.2774765,3.2127958333333337,21.543725,4182.6415,3.582580197055222,18008158.334000003,121072306.0,45049.625,26824907167.0,52585.975,2028.1785,10.442835483870969,5.431818181818182,2417.333333333333,5.298586956521739,10.741444444444443,14.3082,22.177983333333334,22.177983333333334,10.732133333333334,6.48792375,4.311,0.82366,119.62,18.8891,18.7969,794.2264150943396,5.2562,7.5,303861.0,-0.581639887282332,5.645,41.3273940627237,17.8679,1213294467779.98,1254.2209523809524,3.2762016666666667,2.74594375,21.543725,4182.6415,3.582580197055222,17767291.868666667,121072306.0,67574.4375,26824907167.0,52334.975,2028.1785,10.631043333333334,5.431818181818182,2417.333333333333,8.58195,10.806444444444445,14.3082,22.177983333333334,22.177983333333334,10.807133333333333,6.48792375,4.311,0.82366,119.62,18.8891,18.7969,-1.9903876292968414,0.0,0.0,0.0,0.0,-2.083333333333326,0.0,0.0,0.0,0.0,0.012984264383208988,4.415891368075231,0.0,0.0,0.0,0.34848115243646394,0.0,-25.00000000000001,0.0,2.031851720126965,0.0,2.3984539077583245,0.0,0.0,10.888753500107718,1.3002016492233315,0.0,0.0,0.0,1.361521745962091,0.0,0.0,0.0,0.0,0.0,0.0,5.418833917434973,5.582937474747226
2003-11-30,693.5849056603773,5.2562,7.5,303861.0,-0.581639887282332,5.154999999999999,41.3273940627237,17.8679,1213294467779.98,1254.2209523809524,3.2790209166666666,3.8352652777777783,21.543725,4182.6415,3.582580197055222,17983618.826666668,121072306.0,15016.541666666672,26824907167.0,54388.05,2028.1785,11.132653333333334,5.431818181818182,2417.333333333333,5.354494736842105,10.824055555555557,14.3082,22.177983333333334,22.177983333333334,10.832322222222222,6.48792375,4.311,0.82366,119.62,18.8891,18.7969,707.9622641509434,5.2562,7.5,303861.0,-0.581639887282332,6.58,41.3273940627237,17.8679,1213294467779.98,1254.2209523809524,3.2787528333333333,3.679647916666667,21.543725,4182.6415,3.582580197055222,17921383.064333335,121072306.0,22524.8125,26824907167.0,52499.52,2028.1785,11.179593548387096,5.431818181818182,2417.333333333333,5.595921739130435,10.8949,14.3082,22.177983333333334,22.177983333333334,10.88586,6.48792375,4.311,0.82366,119.62,18.8891,18.7969,736.7169811320755,5.2562,7.5,303861.0,-0.581639887282332,5.82,41.3273940627237,17.8679,1213294467779.98,1254.2209523809524,3.2779016666666667,3.368413194444445,21.543725,4182.6415,3.582580197055222,17933652.818,121072306.0,37541.35416666667,26824907167.0,51530.98,2028.1785,10.738412903225807,5.431818181818182,2417.333333333333,4.973095238095239,10.735375,14.3082,22.177983333333334,22.177983333333334,10.735425,6.48792375,4.311,0.82366,119.62,18.8891,18.7969,779.8490566037735,5.2562,7.5,303861.0,-0.581639887282332,4.72,41.3273940627237,17.8679,1213294467779.98,1254.2209523809524,3.2766265000000003,2.901561111111111,21.543725,4182.6415,3.582580197055222,17924977.859333333,121072306.0,60066.16666666667,26824907167.0,53775.48,2028.1785,10.255787096774194,5.431818181818182,2417.333333333333,5.917142857142857,10.818928571428572,14.3082,22.177983333333334,22.177983333333334,10.812385714285714,6.48792375,4.311,0.82366,119.62,18.8891,18.7969,-2.030808592292521,0.0,0.0,0.0,0.0,-21.656534954407302,0.0,0.0,0.0,0.0,0.008176381293756307,4.2291372608301625,0.0,0.0,0.0,0.3472709785284023,0.0,-33.333333333333314,0.0,3.5972328889864347,0.0,-0.4198740754804531,0.0,0.0,-4.314338433293486,-0.6502532785472415,0.0,0.0,0.0,-0.4918102729391749,0.0,0.0,0.0,0.0,0.0,0.0,5.423641800524425,5.346318355548349
2003-12-31,679.2075471698113,5.2562,7.5,303861.0,-0.581639887282332,5.64,41.3273940627237,17.8679,1213294467779.98,1254.2209523809524,3.27928925,3.9908826388888894,21.543725,4182.6415,3.582580197055222,18045854.589,121072306.0,7508.270833333343,26824907167.0,55753.075,2028.1785,11.253729032258066,5.431818181818182,2417.333333333333,6.397733333333333,10.776142857142858,14.3082,22.177983333333334,22.177983333333334,10.775371428571429,6.48792375,4.311,0.82366,119.62,18.8891,18.7969,693.5849056603773,5.2562,7.5,303861.0,-0.581639887282332,5.154999999999999,41.3273940627237,17.8679,1213294467779.98,1254.2209523809524,3.2790209166666666,3.8352652777777783,21.543725,4182.6415,3.582580197055222,17983618.826666668,121072306.0,15016.541666666672,26824907167.0,54388.05,2028.1785,11.132653333333334,5.431818181818182,2417.333333333333,5.354494736842105,10.824055555555557,14.3082,22.177983333333334,22.177983333333334,10.832322222222222,6.48792375,4.311,0.82366,119.62,18.8891,18.7969,722.3396226415094,5.2562,7.5,303861.0,-0.581639887282332,6.72,41.3273940627237,17.8679,1213294467779.98,1254.2209523809524,3.2783271666666667,3.524030555555556,21.543725,4182.6415,3.582580197055222,17859147.302,121072306.0,30033.083333333336,26824907167.0,51454.05,2028.1785,10.917736666666666,5.431818181818182,2417.333333333333,5.046428571428571,10.7550625,14.3082,22.177983333333334,22.177983333333334,10.7396375,6.48792375,4.311,0.82366,119.62,18.8891,18.7969,765.4716981132076,5.2562,7.5,303861.0,-0.581639887282332,7.646666666666666,41.3273940627237,17.8679,1213294467779.98,1254.2209523809524,3.2770515,3.057178472222222,21.543725,4182.6415,3.582580197055222,18082663.85,121072306.0,52557.895833333336,26824907167.0,53342.175,2028.1785,10.497673333333331,5.431818181818182,2417.333333333333,5.788809523809523,10.7791875,14.3082,22.177983333333334,22.177983333333334,10.7827,6.48792375,4.311,0.82366,119.62,18.8891,18.7969,-2.0729053318824797,0.0,0.0,0.0,0.0,9.408341416100875,0.0,0.0,0.0,0.0,0.008183337043377037,4.0575383927882624,0.0,0.0,0.0,0.34606918069819415,0.0,-49.99999999999996,0.0,2.5097884553684002,0.0,1.087572704363371,0.0,0.0,19.483418095700532,-0.44265015240158023,0.0,0.0,0.0,-0.5257487035786323,0.0,0.0,0.0,0.0,0.0,0.0,5.423634844774805,6.389549996289956
2004-01-31,664.8301886792453,5.2562,7.5,303861.0,-0.581639887282332,6.425,41.3273940627237,17.8679,1213294467779.98,1254.2209523809524,3.4228619166666667,4.1465000000000005,21.543725,4182.6415,3.582580197055222,18092241.547333334,121072306.0,0.0,26824907167.0,57743.81999999999,2028.1785,10.960674193548387,5.431818181818182,2417.333333333333,5.3569,11.3209375,14.3082,22.177983333333334,22.177983333333334,11.3260125,6.48792375,4.311,0.82366,119.62,18.8891,18.7969,679.2075471698113,5.2562,7.5,303861.0,-0.581639887282332,5.64,41.3273940627237,17.8679,1213294467779.98,1254.2209523809524,3.27928925,3.9908826388888894,21.543725,4182.6415,3.582580197055222,18045854.589,121072306.0,7508.270833333343,26824907167.0,55753.075,2028.1785,11.253729032258066,5.431818181818182,2417.333333333333,6.397733333333333,10.776142857142858,14.3082,22.177983333333334,22.177983333333334,10.775371428571429,6.48792375,4.311,0.82366,119.62,18.8891,18.7969,707.9622641509434,5.2562,7.5,303861.0,-0.581639887282332,6.58,41.3273940627237,17.8679,1213294467779.98,1254.2209523809524,3.2787528333333333,3.679647916666667,21.543725,4182.6415,3.582580197055222,17921383.064333335,121072306.0,22524.8125,26824907167.0,52499.52,2028.1785,11.179593548387096,5.431818181818182,2417.333333333333,5.595921739130435,10.8949,14.3082,22.177983333333334,22.177983333333334,10.88586,6.48792375,4.311,0.82366,119.62,18.8891,18.7969,751.0943396226414,5.2562,7.5,303861.0,-0.581639887282332,4.31,41.3273940627237,17.8679,1213294467779.98,1254.2209523809524,3.2774765,3.2127958333333337,21.543725,4182.6415,3.582580197055222,18008158.334000003,121072306.0,45049.625,26824907167.0,52585.975,2028.1785,10.442835483870969,5.431818181818182,2417.333333333333,5.298586956521739,10.741444444444443,14.3082,22.177983333333334,22.177983333333334,10.732133333333334,6.48792375,4.311,0.82366,119.62,18.8891,18.7969,-2.116784265792526,0.0,0.0,0.0,0.0,13.918439716312058,0.0,0.0,0.0,0.0,4.37816416062311,3.8993219092615883,0.0,0.0,0.0,0.2570504938103957,0.0,-100.0,0.0,3.5706461033763626,0.0,-2.6040687301929655,0.0,0.0,-16.268782693870733,5.055562552198634,0.0,0.0,0.0,5.110181816735504,0.0,0.0,0.0,0.0,0.0,0.0,1.0536540211950713,0.9787358393768901
