fecha,ipc_bmv
01/01/2020,18.8727
02/01/2020,18.8727
03/01/2020,18.8642
04/01/2020,18.8817
05/01/2020,18.8817
06/01/2020,18.8817
07/01/2020,18.8673
08/01/2020,18.827
09/01/2020,18.8852
10/01/2020,18.798
11/01/2020,18.8453
12/01/2020,18.8453
13/01/2020,18.8453
14/01/2020,18.7732
15/01/2020,18.8215
16/01/2020,18.812
17/01/2020,18.8077
18/01/2020,18.793
19/01/2020,18.793
20/01/2020,18.793
21/01/2020,18.7388
22/01/2020,18.6725
23/01/2020,18.7007
24/01/2020,18.6883
25/01/2020,18.8018
26/01/2020,18.8018
27/01/2020,18.8018
28/01/2020,18.8313
29/01/2020,18.9407
30/01/2020,18.8022
31/01/2020,18.7067
01/02/2020,18.7853
02/02/2020,18.7853
03/02/2020,18.7853
04/02/2020,18.7853
05/02/2020,18.9082
06/02/2020,18.6797
07/02/2020,18.6245
08/02/2020,18.6645
09/02/2020,18.6645
10/02/2020,18.6645
11/02/2020,18.7763
12/02/2020,18.7653
13/02/2020,18.674
14/02/2020,18.6308
15/02/2020,18.6458
16/02/2020,18.6458
17/02/2020,18.6458
18/02/2020,18.5712
19/02/2020,18.5715
20/02/2020,18.5952
21/02/2020,18.591
22/02/2020,18.7992
23/02/2020,18.7992
24/02/2020,18.7992
25/02/2020,18.9138
26/02/2020,19.1197
27/02/2020,19.0878
28/02/2020,19.1585
29/02/2020,19.3973
01/03/2020,19.3973
02/03/2020,19.3973
03/03/2020,19.776
04/03/2020,19.6985
05/03/2020,19.2837
06/03/2020,19.5335
07/03/2020,19.8095
08/03/2020,19.8095
09/03/2020,19.8095
10/03/2020,20.1623
11/03/2020,21.1117
12/03/2020,21.0267
13/03/2020,21.213
14/03/2020,22.1518
15/03/2020,22.1518
16/03/2020,22.1518
17/03/2020,22.1518
18/03/2020,21.9288
19/03/2020,23.0573
20/03/2020,23.9008
21/03/2020,24.0868
22/03/2020,24.0868
23/03/2020,24.0868
24/03/2020,24.1113
25/03/2020,25.0782
26/03/2020,25.1185
27/03/2020,24.2948
28/03/2020,23.097
29/03/2020,23.097
30/03/2020,23.097
31/03/2020,23.5122
01/04/2020,24.2853
02/04/2020,23.4847
03/04/2020,24.4918
04/04/2020,24.1087
05/04/2020,24.1087
06/04/2020,24.1087
07/04/2020,24.6938
08/04/2020,24.6895
09/04/2020,24.0388
10/04/2020,24.0388
11/04/2020,24.0388
12/04/2020,24.0388
13/04/2020,24.0388
14/04/2020,24.0925
15/04/2020,23.7427
16/04/2020,23.5645
17/04/2020,24.1155
18/04/2020,24.2098
19/04/2020,24.2098
20/04/2020,24.2098
21/04/2020,23.9012
22/04/2020,24.0077
23/04/2020,24.4248
24/04/2020,24.5883
25/04/2020,24.623
26/04/2020,24.623
27/04/2020,24.623
28/04/2020,24.8583
29/04/2020,24.8492
30/04/2020,24.3882
01/05/2020,24.0002
02/05/2020,24.0002
03/05/2020,24.0002
04/05/2020,24.0002
05/05/2020,23.9283
06/05/2020,24.3812
07/05/2020,23.8343
08/05/2020,24.2942
09/05/2020,24.0563
10/05/2020,24.0563
11/05/2020,24.0563
12/05/2020,23.6805
13/05/2020,23.8693
14/05/2020,24.0487
15/05/2020,24.2113
16/05/2020,24.2708
17/05/2020,24.2708
18/05/2020,24.2708
19/05/2020,23.958
20/05/2020,23.6032
21/05/2020,23.6023
22/05/2020,23.2962
23/05/2020,22.96
24/05/2020,22.96
25/05/2020,22.96
26/05/2020,22.7928
27/05/2020,22.563
28/05/2020,22.2932
29/05/2020,22.3633
30/05/2020,22.204
31/05/2020,22.204
01/06/2020,22.204
02/06/2020,22.1778
03/06/2020,22.0168
04/06/2020,21.6827
05/06/2020,21.6043
06/06/2020,21.8388
07/06/2020,21.8388
08/06/2020,21.8388
09/06/2020,21.5837
10/06/2020,21.6552
11/06/2020,21.7252
12/06/2020,21.923
13/06/2020,22.4252
14/06/2020,22.4252
15/06/2020,22.4252
16/06/2020,22.3347
17/06/2020,22.5435
18/06/2020,22.2168
19/06/2020,22.2783
20/06/2020,22.6088
21/06/2020,22.6088
22/06/2020,22.6088
23/06/2020,22.63
24/06/2020,22.4413
25/06/2020,22.413
26/06/2020,22.6662
27/06/2020,22.7963
28/06/2020,22.7963
29/06/2020,22.7963
30/06/2020,22.9715
01/07/2020,23.1325
02/07/2020,23.0893
03/07/2020,22.8078
04/07/2020,22.5225
05/07/2020,22.5225
06/07/2020,22.5225
07/07/2020,22.4147
08/07/2020,22.2808
09/07/2020,22.6213
10/07/2020,22.8225
11/07/2020,22.6945
12/07/2020,22.6945
13/07/2020,22.6945
14/07/2020,22.5342
15/07/2020,22.4633
16/07/2020,22.6173
17/07/2020,22.3647
18/07/2020,22.3032
19/07/2020,22.3032
20/07/2020,22.3032
21/07/2020,22.4897
22/07/2020,22.6278
23/07/2020,22.3597
24/07/2020,22.251
25/07/2020,22.3627
26/07/2020,22.3627
27/07/2020,22.3627
28/07/2020,22.3842
29/07/2020,22.0275
30/07/2020,21.9615
31/07/2020,21.9907
01/08/2020,22.1727
02/08/2020,22.1727
03/08/2020,22.1727
04/08/2020,22.2012
05/08/2020,22.614
06/08/2020,22.7845
07/08/2020,22.4068
08/08/2020,22.3652
09/08/2020,22.3652
10/08/2020,22.3652
11/08/2020,22.4892
12/08/2020,22.485
13/08/2020,22.349
14/08/2020,22.3457
15/08/2020,22.2628
16/08/2020,22.2628
17/08/2020,22.2628
18/08/2020,22.0313
19/08/2020,22.057
20/08/2020,22.1535
21/08/2020,22.0527
22/08/2020,22.176
23/08/2020,22.176
24/08/2020,22.176
25/08/2020,22.0362
26/08/2020,21.984
27/08/2020,21.9723
28/08/2020,21.9202
29/08/2020,22.1168
30/08/2020,22.1168
31/08/2020,22.1168
01/09/2020,21.8602
02/09/2020,21.888
03/09/2020,21.7445
04/09/2020,21.8393
05/09/2020,21.6383
06/09/2020,21.6383
07/09/2020,21.6383
08/09/2020,21.6115
09/09/2020,21.5887
10/09/2020,21.7138
11/09/2020,21.5377
12/09/2020,21.2773
13/09/2020,21.2773
14/09/2020,21.2773
15/09/2020,21.321
16/09/2020,21.0728
17/09/2020,21.0728
18/09/2020,21.0692
19/09/2020,20.985
20/09/2020,20.985
21/09/2020,20.985
22/09/2020,20.9697
23/09/2020,21.505
24/09/2020,21.5682
25/09/2020,22.0897
26/09/2020,22.3678
27/09/2020,22.3678
28/09/2020,22.3678
29/09/2020,22.4402
30/09/2020,22.4573
01/10/2020,22.3598
02/10/2020,22.1438
03/10/2020,21.9562
04/10/2020,21.9562
05/10/2020,21.9562
06/10/2020,21.7025
07/10/2020,21.396
08/10/2020,21.4507
09/10/2020,21.493
10/10/2020,21.4318
11/10/2020,21.4318
12/10/2020,21.4318
13/10/2020,21.1822
14/10/2020,21.2183
15/10/2020,21.3677
16/10/2020,21.2998
17/10/2020,21.3832
18/10/2020,21.3832
19/10/2020,21.3832
20/10/2020,21.1765
21/10/2020,21.1342
22/10/2020,21.0902
23/10/2020,21.064
24/10/2020,21.03
25/10/2020,21.03
26/10/2020,21.03
27/10/2020,20.9205
28/10/2020,20.9818
29/10/2020,20.8798
30/10/2020,21.1648
31/10/2020,21.377
01/11/2020,21.377
02/11/2020,21.377
03/11/2020,21.377
04/11/2020,21.2508
05/11/2020,21.1555
06/11/2020,21.0345
07/11/2020,20.7612
08/11/2020,20.7612
09/11/2020,20.7612
10/11/2020,20.62
11/11/2020,20.36
12/11/2020,20.4018
13/11/2020,20.5772
14/11/2020,20.5303
15/11/2020,20.5303
16/11/2020,20.5303
17/11/2020,20.5303
18/11/2020,20.4833
19/11/2020,20.3212
20/11/2020,20.2388
21/11/2020,20.1858
22/11/2020,20.1858
23/11/2020,20.1858
24/11/2020,20.1172
25/11/2020,20.1012
26/11/2020,20.0577
27/11/2020,20.0465
28/11/2020,20.0467
29/11/2020,20.0467
30/11/2020,20.0467
01/12/2020,20.0777
02/12/2020,20.1398
03/12/2020,20.0508
04/12/2020,20.0497
05/12/2020,19.9083
06/12/2020,19.9083
07/12/2020,19.9083
08/12/2020,19.7838
09/12/2020,19.8213
10/12/2020,19.7537
11/12/2020,19.8368
12/12/2020,19.9572
13/12/2020,19.9572
14/12/2020,19.9572
15/12/2020,20.1075
16/12/2020,20.1778
17/12/2020,20.1113
18/12/2020,19.9513
19/12/2020,19.8173
20/12/2020,19.8173
21/12/2020,19.8173
22/12/2020,19.9487
23/12/2020,20.0905
24/12/2020,20.0562
25/12/2020,20.1175
26/12/2020,20.1175
27/12/2020,20.1175
28/12/2020,20.1175
29/12/2020,19.8517
30/12/2020,20.0477
31/12/2020,19.9487
01/01/2021,19.9352
02/01/2021,19.9352
03/01/2021,19.9352
04/01/2021,19.9352
05/01/2021,19.9087
06/01/2021,19.8457
07/01/2021,19.9437
08/01/2021,19.725
09/01/2021,19.91
10/01/2021,19.91
11/01/2021,19.91
12/01/2021,19.9705
13/01/2021,20.113
14/01/2021,19.9373
15/01/2021,19.7935
16/01/2021,19.7793
17/01/2021,19.7793
18/01/2021,19.7793
19/01/2021,19.7875
20/01/2021,19.757
21/01/2021,19.6788
22/01/2021,19.5793
23/01/2021,19.7393
24/01/2021,19.7393
25/01/2021,19.7393
26/01/2021,19.9833
27/01/2021,20.1598
28/01/2021,20.0152
29/01/2021,20.2168
30/01/2021,20.2697
31/01/2021,20.2697
01/02/2021,20.2697
02/02/2021,20.2697
03/02/2021,20.2248
04/02/2021,20.1722
05/02/2021,20.1953
06/02/2021,20.4435
07/02/2021,20.4435
08/02/2021,20.4435
09/02/2021,20.1388
10/02/2021,20.1227
11/02/2021,20.0913
12/02/2021,20.0588
13/02/2021,19.9535
14/02/2021,19.9535
15/02/2021,19.9535
16/02/2021,19.9622
17/02/2021,19.9518
18/02/2021,20.2023
19/02/2021,20.2257
20/02/2021,20.4165
21/02/2021,20.4165
22/02/2021,20.4165
23/02/2021,20.4222
24/02/2021,20.6783
25/02/2021,20.5833
26/02/2021,20.4752
27/02/2021,20.8523
28/02/2021,20.8523
01/03/2021,20.8523
02/03/2021,20.939
03/03/2021,20.6123
04/03/2021,20.6903
05/03/2021,20.8957
06/03/2021,20.8498
07/03/2021,20.8498
08/03/2021,20.8498
09/03/2021,21.2635
10/03/2021,21.4177
11/03/2021,21.2575
12/03/2021,20.9853
13/03/2021,20.7133
14/03/2021,20.7133
15/03/2021,20.7133
16/03/2021,20.7133
17/03/2021,20.7637
18/03/2021,20.5753
19/03/2021,20.6828
20/03/2021,20.4415
21/03/2021,20.4415
22/03/2021,20.4415
23/03/2021,20.4823
24/03/2021,20.5788
25/03/2021,20.6408
26/03/2021,20.7882
27/03/2021,20.7662
28/03/2021,20.7662
29/03/2021,20.7662
30/03/2021,20.5677
31/03/2021,20.6047
01/04/2021,20.6025
02/04/2021,20.6025
03/04/2021,20.6025
04/04/2021,20.6025
05/04/2021,20.6025
06/04/2021,20.44
07/04/2021,20.2483
08/04/2021,20.1612
09/04/2021,20.1765
10/04/2021,20.089
11/04/2021,20.089
12/04/2021,20.089
13/04/2021,20.163
14/04/2021,20.095
15/04/2021,20.0735
16/04/2021,20.0583
17/04/2021,19.927
18/04/2021,19.927
19/04/2021,19.927
20/04/2021,19.9158
21/04/2021,19.8145
22/04/2021,19.8877
23/04/2021,19.874
24/04/2021,19.8865
25/04/2021,19.8865
26/04/2021,19.8865
27/04/2021,19.8695
28/04/2021,19.8362
29/04/2021,19.9785
30/04/2021,19.9712
01/05/2021,20.0978
02/05/2021,20.0978
03/05/2021,20.0978
04/05/2021,20.1822
05/05/2021,20.1902
06/05/2021,20.2235
07/05/2021,20.2077
08/05/2021,20.1838
09/05/2021,20.1838
10/05/2021,20.1838
11/05/2021,19.9223
12/05/2021,19.886
13/05/2021,19.8848
14/05/2021,20.094
15/05/2021,20.0495
16/05/2021,20.0495
17/05/2021,20.0495
18/05/2021,19.8487
19/05/2021,19.8028
20/05/2021,19.8313
21/05/2021,19.8143
22/05/2021,19.881
23/05/2021,19.881
24/05/2021,19.881
25/05/2021,19.951
26/05/2021,19.872
27/05/2021,19.8903
28/05/2021,19.8783
29/05/2021,19.9487
30/05/2021,19.9487
31/05/2021,19.9487
01/06/2021,19.9442
02/06/2021,19.9213
03/06/2021,19.8927
04/06/2021,19.9277
05/06/2021,20.0605
06/06/2021,20.0605
07/06/2021,20.0605
08/06/2021,19.9328
09/06/2021,19.797
10/06/2021,19.7728
11/06/2021,19.6897
12/06/2021,19.7002
13/06/2021,19.7002
14/06/2021,19.7002
15/06/2021,19.8823
16/06/2021,19.9065
17/06/2021,20.1235
18/06/2021,20.0588
19/06/2021,20.4292
20/06/2021,20.4292
21/06/2021,20.4292
22/06/2021,20.7002
23/06/2021,20.6
24/06/2021,20.5712
25/06/2021,20.2505
26/06/2021,20.0483
27/06/2021,20.0483
28/06/2021,20.0483
29/06/2021,19.793
30/06/2021,19.8027
01/07/2021,19.8157
02/07/2021,19.9062
03/07/2021,20.0368
04/07/2021,20.0368
05/07/2021,20.0368
06/07/2021,19.8817
07/07/2021,19.8532
08/07/2021,19.9658
09/07/2021,19.9915
10/07/2021,20.007
11/07/2021,20.007
12/07/2021,20.007
13/07/2021,19.88
14/07/2021,19.8577
15/07/2021,19.9988
16/07/2021,19.8992
17/07/2021,19.9412
18/07/2021,19.9412
19/07/2021,19.9412
20/07/2021,19.8537
21/07/2021,20.0
22/07/2021,20.1348
23/07/2021,20.1907
24/07/2021,20.1812
25/07/2021,20.1812
26/07/2021,20.1812
27/07/2021,20.0238
28/07/2021,20.0245
29/07/2021,19.977
30/07/2021,19.9535
31/07/2021,19.8448
01/08/2021,19.8448
02/08/2021,19.8448
03/08/2021,19.8455
04/08/2021,19.852
05/08/2021,19.892
06/08/2021,19.9547
07/08/2021,19.9293
08/08/2021,19.9293
09/08/2021,19.9293
10/08/2021,20.0037
11/08/2021,20.0648
12/08/2021,20.1038
13/08/2021,19.953
14/08/2021,19.8907
15/08/2021,19.8907
16/08/2021,19.8907
17/08/2021,19.8603
18/08/2021,19.8863
19/08/2021,19.9912
20/08/2021,20.0107
21/08/2021,20.1175
22/08/2021,20.1175
23/08/2021,20.1175
24/08/2021,20.402
25/08/2021,20.3907
26/08/2021,20.2967
27/08/2021,20.2933
28/08/2021,20.3522
29/08/2021,20.3522
30/08/2021,20.3522
31/08/2021,20.2293
01/09/2021,20.1403
02/09/2021,20.0605
03/09/2021,19.9615
04/09/2021,19.9703
05/09/2021,19.9703
06/09/2021,19.9703
07/09/2021,19.8992
08/09/2021,19.8878
09/09/2021,19.944
10/09/2021,19.9383
11/09/2021,19.9318
12/09/2021,19.9318
13/09/2021,19.9318
14/09/2021,19.8717
15/09/2021,19.8677
16/09/2021,19.9035
17/09/2021,19.9035
18/09/2021,19.9003
19/09/2021,19.9003
20/09/2021,19.9003
21/09/2021,19.9853
22/09/2021,20.1735
23/09/2021,20.1438
24/09/2021,20.0328
25/09/2021,20.028
26/09/2021,20.028
27/09/2021,20.028
28/09/2021,20.1118
29/09/2021,20.1052
30/09/2021,20.306
01/10/2021,20.4977
02/10/2021,20.5623
03/10/2021,20.5623
04/10/2021,20.5623
05/10/2021,20.5103
06/10/2021,20.5747
07/10/2021,20.5818
08/10/2021,20.6947
09/10/2021,20.604
10/10/2021,20.604
11/10/2021,20.604
12/10/2021,20.7293
13/10/2021,20.8017
14/10/2021,20.7767
15/10/2021,20.6827
16/10/2021,20.6075
17/10/2021,20.6075
18/10/2021,20.6075
19/10/2021,20.4672
20/10/2021,20.3587
21/10/2021,20.2647
22/10/2021,20.185
23/10/2021,20.2643
24/10/2021,20.2643
25/10/2021,20.2643
26/10/2021,20.1837
27/10/2021,20.1897
28/10/2021,20.1888
29/10/2021,20.193
30/10/2021,20.3255
31/10/2021,20.3255
01/11/2021,20.3255
02/11/2021,20.5297
03/11/2021,20.5297
04/11/2021,20.8598
05/11/2021,20.8352
06/11/2021,20.6242
07/11/2021,20.6242
08/11/2021,20.6242
09/11/2021,20.3925
10/11/2021,20.3265
11/11/2021,20.2833
12/11/2021,20.4702
13/11/2021,20.4652
14/11/2021,20.4652
15/11/2021,20.4652
16/11/2021,20.4652
17/11/2021,20.5072
18/11/2021,20.8092
19/11/2021,20.6912
20/11/2021,20.7628
21/11/2021,20.7628
22/11/2021,20.7628
23/11/2021,20.8283
24/11/2021,20.9632
25/11/2021,21.2107
26/11/2021,21.4357
27/11/2021,21.5462
28/11/2021,21.5462
29/11/2021,21.5462
30/11/2021,21.8185
01/12/2021,21.7333
02/12/2021,21.4453
03/12/2021,21.271
04/12/2021,21.3033
05/12/2021,21.3033
06/12/2021,21.3033
07/12/2021,21.4177
08/12/2021,21.2047
09/12/2021,21.0907
10/12/2021,20.933
11/12/2021,21.0328
12/12/2021,21.0328
13/12/2021,21.0328
14/12/2021,20.8922
15/12/2021,20.9383
16/12/2021,21.165
17/12/2021,21.2393
18/12/2021,20.9238
19/12/2021,20.9238
20/12/2021,20.9238
21/12/2021,20.7337
22/12/2021,20.7363
23/12/2021,20.7823
24/12/2021,20.7527
25/12/2021,20.6582
26/12/2021,20.6582
27/12/2021,20.6582
28/12/2021,20.6112
29/12/2021,20.6828
30/12/2021,20.577
31/12/2021,20.5835
01/01/2022,20.5157
02/01/2022,20.5157
03/01/2022,20.5157
04/01/2022,20.4672
05/01/2022,20.589
06/01/2022,20.4742
07/01/2022,20.3977
08/01/2022,20.4588
09/01/2022,20.4588
10/01/2022,20.4588
11/01/2022,20.4237
12/01/2022,20.4453
13/01/2022,20.3785
14/01/2022,20.366
15/01/2022,20.3607
16/01/2022,20.3607
17/01/2022,20.3607
18/01/2022,20.3118
19/01/2022,20.3002
20/01/2022,20.403
21/01/2022,20.46
22/01/2022,20.4507
23/01/2022,20.4507
24/01/2022,20.4507
25/01/2022,20.4598
26/01/2022,20.6308
27/01/2022,20.6683
28/01/2022,20.6415
29/01/2022,20.7383
30/01/2022,20.7383
31/01/2022,20.7383
01/02/2022,20.8597
02/02/2022,20.6352
03/02/2022,20.58
04/02/2022,20.6003
05/02/2022,20.5562
06/02/2022,20.5562
07/02/2022,20.5562
08/02/2022,20.5562
09/02/2022,20.7325
10/02/2022,20.6413
11/02/2022,20.5008
12/02/2022,20.4148
13/02/2022,20.4148
14/02/2022,20.4148
15/02/2022,20.4188
16/02/2022,20.411
17/02/2022,20.3992
18/02/2022,20.3335
19/02/2022,20.2978
20/02/2022,20.2978
21/02/2022,20.2978
22/02/2022,20.3063
23/02/2022,20.2825
24/02/2022,20.2977
25/02/2022,20.2435
26/02/2022,20.6525
27/02/2022,20.6525
28/02/2022,20.6525
01/03/2022,20.4465
02/03/2022,20.4257
03/03/2022,20.5272
04/03/2022,20.7193
05/03/2022,20.7033
06/03/2022,20.7033
07/03/2022,20.7033
08/03/2022,20.9262
09/03/2022,21.1947
10/03/2022,21.3775
11/03/2022,20.9677
12/03/2022,20.9743
13/03/2022,20.9743
14/03/2022,20.9743
15/03/2022,20.9695
16/03/2022,20.8908
17/03/2022,20.8743
18/03/2022,20.7035
19/03/2022,20.5585
20/03/2022,20.5585
21/03/2022,20.5585
22/03/2022,20.5585
23/03/2022,20.4145
24/03/2022,20.2782
25/03/2022,20.18
26/03/2022,20.1313
27/03/2022,20.1313
28/03/2022,20.1313
29/03/2022,19.9577
30/03/2022,20.1195
31/03/2022,19.9942
01/04/2022,19.8632
02/04/2022,19.9112
03/04/2022,19.9112
04/04/2022,19.9112
05/04/2022,19.8432
06/04/2022,19.7443
07/04/2022,19.9012
08/04/2022,20.0665
09/04/2022,20.1605
10/04/2022,20.1605
11/04/2022,20.1605
12/04/2022,20.12
13/04/2022,20.0093
14/04/2022,19.8407
15/04/2022,19.8407
16/04/2022,19.8407
17/04/2022,19.8407
18/04/2022,19.8407
19/04/2022,19.7967
20/04/2022,19.9377
21/04/2022,20.0447
22/04/2022,20.0383
23/04/2022,20.1802
24/04/2022,20.1802
25/04/2022,20.1802
26/04/2022,20.3183
27/04/2022,20.2992
28/04/2022,20.356
29/04/2022,20.4707
30/04/2022,20.567
01/05/2022,20.567
02/05/2022,20.567
03/05/2022,20.3728
04/05/2022,20.4075
05/05/2022,20.335
06/05/2022,20.2535
07/05/2022,20.2218
08/05/2022,20.2218
09/05/2022,20.2218
10/05/2022,20.1085
11/05/2022,20.3172
12/05/2022,20.372
13/05/2022,20.2592
14/05/2022,20.32
15/05/2022,20.32
16/05/2022,20.32
17/05/2022,20.1443
18/05/2022,20.0782
19/05/2022,19.9637
20/05/2022,19.9663
21/05/2022,19.9267
22/05/2022,19.9267
23/05/2022,19.9267
24/05/2022,19.8657
25/05/2022,19.8282
26/05/2022,19.887
27/05/2022,19.8377
28/05/2022,19.7933
29/05/2022,19.7933
30/05/2022,19.7933
31/05/2022,19.5965
01/06/2022,19.4953
02/06/2022,19.694
03/06/2022,19.7388
04/06/2022,19.5585
05/06/2022,19.5585
06/06/2022,19.5585
07/06/2022,19.5742
08/06/2022,19.5547
09/06/2022,19.5998
10/06/2022,19.59
11/06/2022,19.6128
12/06/2022,19.6128
13/06/2022,19.6128
14/06/2022,19.9297
15/06/2022,20.4527
16/06/2022,20.6583
17/06/2022,20.6675
18/06/2022,20.5728
19/06/2022,20.5728
20/06/2022,20.5728
21/06/2022,20.476
22/06/2022,20.2442
23/06/2022,20.1963
24/06/2022,20.0465
25/06/2022,20.0365
26/06/2022,20.0365
27/06/2022,20.0365
28/06/2022,19.8707
29/06/2022,19.8797
30/06/2022,19.9847
01/07/2022,20.1443
02/07/2022,20.1335
03/07/2022,20.1335
04/07/2022,20.1335
05/07/2022,20.3817
06/07/2022,20.2877
07/07/2022,20.5598
08/07/2022,20.7228
09/07/2022,20.6022
10/07/2022,20.6022
11/07/2022,20.6022
12/07/2022,20.4423
13/07/2022,20.7473
14/07/2022,20.7882
15/07/2022,20.7613
16/07/2022,20.9415
17/07/2022,20.9415
18/07/2022,20.9415
19/07/2022,20.611
20/07/2022,20.3957
21/07/2022,20.4407
22/07/2022,20.4913
23/07/2022,20.6562
24/07/2022,20.6562
25/07/2022,20.6562
26/07/2022,20.515
27/07/2022,20.4652
28/07/2022,20.433
29/07/2022,20.512
30/07/2022,20.3778
31/07/2022,20.3778
01/08/2022,20.3778
02/08/2022,20.3485
03/08/2022,20.2633
04/08/2022,20.5152
05/08/2022,20.6305
06/08/2022,20.3358
07/08/2022,20.3358
08/08/2022,20.3358
09/08/2022,20.401
10/08/2022,20.2789
11/08/2022,20.2715
12/08/2022,19.9562
13/08/2022,19.9595
14/08/2022,19.9595
15/08/2022,19.9595
16/08/2022,19.874
17/08/2022,19.8618
18/08/2022,19.9303
19/08/2022,20.0387
20/08/2022,20.0835
21/08/2022,20.0835
22/08/2022,20.0835
23/08/2022,20.1957
24/08/2022,20.1598
25/08/2022,19.9982
26/08/2022,19.9198
27/08/2022,19.9437
28/08/2022,19.9437
29/08/2022,19.9437
30/08/2022,19.9268
31/08/2022,19.9945
01/09/2022,20.1465
02/09/2022,20.0962
03/09/2022,20.2473
04/09/2022,20.2473
05/09/2022,20.2473
06/09/2022,19.9753
07/09/2022,19.962
08/09/2022,20.138
09/09/2022,20.0297
10/09/2022,20.0203
11/09/2022,20.0203
12/09/2022,20.0203
13/09/2022,19.9027
14/09/2022,19.7957
15/09/2022,20.055
16/09/2022,19.9768
17/09/2022,19.9768
18/09/2022,19.9768
19/09/2022,19.9768
20/09/2022,20.0525
21/09/2022,19.9943
22/09/2022,20.0
23/09/2022,20.0027
24/09/2022,19.9608
25/09/2022,19.9608
26/09/2022,19.9608
27/09/2022,20.1627
28/09/2022,20.3517
29/09/2022,20.357
30/09/2022,20.3058
01/10/2022,20.1927
02/10/2022,20.1927
03/10/2022,20.1927
04/10/2022,20.0925
05/10/2022,20.0008
06/10/2022,19.9698
07/10/2022,20.1267
08/10/2022,20.1087
09/10/2022,20.1087
10/10/2022,20.1087
11/10/2022,20.0502
12/10/2022,19.9752
13/10/2022,19.9652
14/10/2022,20.0352
15/10/2022,20.0398
16/10/2022,20.0398
17/10/2022,20.0398
18/10/2022,20.0838
19/10/2022,19.9913
20/10/2022,20.0207
21/10/2022,20.1272
22/10/2022,20.0448
23/10/2022,20.0448
24/10/2022,20.0448
25/10/2022,19.9647
26/10/2022,19.9535
27/10/2022,19.8712
28/10/2022,19.8553
29/10/2022,19.8365
30/10/2022,19.8365
31/10/2022,19.8365
01/11/2022,19.8303
02/11/2022,19.8245
03/11/2022,19.8245
04/11/2022,19.7463
05/11/2022,19.6673
06/11/2022,19.6673
07/11/2022,19.6673
08/11/2022,19.5202
09/11/2022,19.4647
10/11/2022,19.4775
11/11/2022,19.5887
12/11/2022,19.394
13/11/2022,19.394
14/11/2022,19.394
15/11/2022,19.5353
16/11/2022,19.4015
17/11/2022,19.3818
18/11/2022,19.3137
19/11/2022,19.4333
20/11/2022,19.4333
21/11/2022,19.4333
22/11/2022,19.4333
23/11/2022,19.493
24/11/2022,19.4667
25/11/2022,19.3683
26/11/2022,19.3692
27/11/2022,19.3692
28/11/2022,19.3692
29/11/2022,19.3393
30/11/2022,19.325
01/12/2022,19.216
02/12/2022,19.3965
03/12/2022,19.1433
04/12/2022,19.1433
05/12/2022,19.1433
06/12/2022,19.3422
07/12/2022,19.7567
08/12/2022,19.803
09/12/2022,19.6977
10/12/2022,19.6732
11/12/2022,19.6732
12/12/2022,19.6732
13/12/2022,19.6732
14/12/2022,19.8192
15/12/2022,19.6458
16/12/2022,19.6955
17/12/2022,19.7963
18/12/2022,19.7963
19/12/2022,19.7963
20/12/2022,19.7932
21/12/2022,19.7557
22/12/2022,19.7482
23/12/2022,19.6932
24/12/2022,19.574
25/12/2022,19.574
26/12/2022,19.574
27/12/2022,19.4287
28/12/2022,19.3983
29/12/2022,19.4407
30/12/2022,19.4143
31/12/2022,19.3615
01/01/2023,19.3615
02/01/2023,19.3615
03/01/2023,19.4715
04/01/2023,19.4883
05/01/2023,19.422
06/01/2023,19.3568
07/01/2023,19.3672
08/01/2023,19.3672
09/01/2023,19.3672
10/01/2023,19.1753
11/01/2023,19.1648
12/01/2023,19.1108
13/01/2023,19.026
14/01/2023,18.8735
15/01/2023,18.8735
16/01/2023,18.8735
17/01/2023,18.7922
18/01/2023,18.7913
19/01/2023,18.7493
20/01/2023,18.7493
21/01/2023,19.0327
22/01/2023,19.0327
23/01/2023,19.0327
24/01/2023,18.9257
25/01/2023,18.8267
26/01/2023,18.8318
27/01/2023,18.82
28/01/2023,18.8355
29/01/2023,18.8355
30/01/2023,18.8355
31/01/2023,18.7872
01/02/2023,18.7793
02/02/2023,18.7937
03/02/2023,18.739
04/02/2023,18.6232
05/02/2023,18.6232
06/02/2023,18.6232
07/02/2023,18.6232
08/02/2023,18.8895
09/02/2023,19.0517
10/02/2023,18.9435
11/02/2023,18.9543
12/02/2023,18.9543
13/02/2023,18.9543
14/02/2023,18.6893
15/02/2023,18.6327
16/02/2023,18.5383
17/02/2023,18.6428
18/02/2023,18.5497
19/02/2023,18.5497
20/02/2023,18.5497
21/02/2023,18.4142
22/02/2023,18.397
23/02/2023,18.3938
24/02/2023,18.3483
25/02/2023,18.4107
26/02/2023,18.4107
27/02/2023,18.4107
28/02/2023,18.4023
01/03/2023,18.4077
02/03/2023,18.3448
03/03/2023,18.17
04/03/2023,18.126
05/03/2023,18.126
06/03/2023,18.126
07/03/2023,18.0123
08/03/2023,18.0122
09/03/2023,18.1155
10/03/2023,17.9662
11/03/2023,18.0577
12/03/2023,18.0577
13/03/2023,18.0577
14/03/2023,18.4083
15/03/2023,18.8302
16/03/2023,18.6427
17/03/2023,18.9972
18/03/2023,18.9095
19/03/2023,18.9095
20/03/2023,18.9095
21/03/2023,18.9095
22/03/2023,18.8977
23/03/2023,18.6755
24/03/2023,18.5437
25/03/2023,18.4902
26/03/2023,18.4902
27/03/2023,18.4902
28/03/2023,18.5178
29/03/2023,18.383
30/03/2023,18.2523
31/03/2023,18.1052
01/04/2023,18.0932
02/04/2023,18.0932
03/04/2023,18.0932
04/04/2023,18.0415
05/04/2023,18.107
06/04/2023,18.1185
07/04/2023,18.1185
08/04/2023,18.1185
09/04/2023,18.1185
10/04/2023,18.1185
11/04/2023,18.3323
12/04/2023,18.1765
13/04/2023,18.187
14/04/2023,18.066
15/04/2023,18.0152
16/04/2023,18.0152
17/04/2023,18.0152
18/04/2023,18.0638
19/04/2023,18.0868
20/04/2023,18.063
21/04/2023,18.0448
22/04/2023,18.009
23/04/2023,18.009
24/04/2023,18.009
25/04/2023,17.9988
26/04/2023,18.0082
27/04/2023,18.0892
28/04/2023,18.103
29/04/2023,18.0723
30/04/2023,18.0723
01/05/2023,18.0723
02/05/2023,18.0723
03/05/2023,17.9975
04/05/2023,18.0325
05/05/2023,17.906
06/05/2023,17.9575
07/05/2023,17.9575
08/05/2023,17.9575
09/05/2023,17.7863
10/05/2023,17.8213
11/05/2023,17.7608
12/05/2023,17.5845
13/05/2023,17.6287
14/05/2023,17.6287
15/05/2023,17.6287
16/05/2023,17.6142
17/05/2023,17.538
18/05/2023,17.4672
19/05/2023,17.5872
20/05/2023,17.7342
21/05/2023,17.7342
22/05/2023,17.7342
23/05/2023,17.693
24/05/2023,17.868
25/05/2023,17.9687
26/05/2023,17.8195
27/05/2023,17.8252
28/05/2023,17.8252
29/05/2023,17.8252
30/05/2023,17.6723
31/05/2023,17.5605
01/06/2023,17.6532
02/06/2023,17.7418
03/06/2023,17.5673
04/06/2023,17.5673
05/06/2023,17.5673
06/06/2023,17.5063
07/06/2023,17.4732
08/06/2023,17.4192
09/06/2023,17.3608
10/06/2023,17.4085
11/06/2023,17.4085
12/06/2023,17.4085
13/06/2023,17.284
14/06/2023,17.312
15/06/2023,17.2185
16/06/2023,17.1247
17/06/2023,17.1762
18/06/2023,17.1762
19/06/2023,17.1762
20/06/2023,17.0792
21/06/2023,17.0945
22/06/2023,17.2043
23/06/2023,17.1547
24/06/2023,17.1713
25/06/2023,17.1713
26/06/2023,17.1713
27/06/2023,17.1795
28/06/2023,17.1445
29/06/2023,17.1013
30/06/2023,17.072
01/07/2023,17.1187
02/07/2023,17.1187
03/07/2023,17.1187
04/07/2023,17.1358
05/07/2023,17.0517
06/07/2023,17.026
07/07/2023,17.004
08/07/2023,17.2825
09/07/2023,17.2825
10/07/2023,17.2825
11/07/2023,17.1012
12/07/2023,17.0605
13/07/2023,17.0783
14/07/2023,16.8537
15/07/2023,16.8905
16/07/2023,16.8905
17/07/2023,16.8905
18/07/2023,16.7892
19/07/2023,16.7858
20/07/2023,16.748
21/07/2023,16.7667
22/07/2023,16.846
23/07/2023,16.846
24/07/2023,16.846
25/07/2023,16.9393
26/07/2023,16.8367
27/07/2023,16.9075
28/07/2023,16.8825
29/07/2023,16.7338
30/07/2023,16.7338
31/07/2023,16.7338
01/08/2023,16.6895
02/08/2023,16.7303
03/08/2023,16.8533
04/08/2023,17.0193
05/08/2023,17.2892
06/08/2023,17.2892
07/08/2023,17.2892
08/08/2023,17.0555
09/08/2023,17.0608
10/08/2023,17.1122
11/08/2023,17.0767
12/08/2023,16.9548
13/08/2023,16.9548
14/08/2023,16.9548
15/08/2023,17.0045
16/08/2023,17.0672
17/08/2023,17.1388
18/08/2023,17.0768
19/08/2023,17.1225
20/08/2023,17.1225
21/08/2023,17.1225
22/08/2023,17.0477
23/08/2023,17.0202
24/08/2023,16.9267
25/08/2023,16.8077
26/08/2023,16.809
27/08/2023,16.809
28/08/2023,16.809
29/08/2023,16.7718
30/08/2023,16.7432
31/08/2023,16.8402
01/09/2023,16.7477
02/09/2023,16.917
03/09/2023,16.917
04/09/2023,16.917
05/09/2023,17.1113
06/09/2023,17.175
07/09/2023,17.3492
08/09/2023,17.5805
09/09/2023,17.5543
10/09/2023,17.5543
11/09/2023,17.5543
12/09/2023,17.5767
13/09/2023,17.3813
14/09/2023,17.2553
15/09/2023,17.1235
16/09/2023,17.1042
17/09/2023,17.1042
18/09/2023,17.1042
19/09/2023,17.0807
20/09/2023,17.1307
21/09/2023,17.0805
22/09/2023,17.024
23/09/2023,17.1675
24/09/2023,17.1675
25/09/2023,17.1675
26/09/2023,17.1568
27/09/2023,17.3733
28/09/2023,17.4758
29/09/2023,17.7287
30/09/2023,17.6195
01/10/2023,17.6195
02/10/2023,17.6195
03/10/2023,17.4127
04/10/2023,17.592
05/10/2023,17.9025
06/10/2023,18.017
07/10/2023,18.2407
08/10/2023,18.2407
09/10/2023,18.2407
10/10/2023,18.1837
11/10/2023,18.3482
12/10/2023,17.9917
13/10/2023,17.842
14/10/2023,17.9132
15/10/2023,17.9132
16/10/2023,17.9132
17/10/2023,18.0362
18/10/2023,17.9568
19/10/2023,17.9097
20/10/2023,18.244
21/10/2023,18.2873
22/10/2023,18.2873
23/10/2023,18.2873
24/10/2023,18.2343
25/10/2023,18.1218
26/10/2023,18.2842
27/10/2023,18.3122
28/10/2023,18.2178
29/10/2023,18.2178
30/10/2023,18.2178
31/10/2023,18.0752
01/11/2023,18.064
02/11/2023,18.0368
03/11/2023,18.0368
04/11/2023,17.9305
05/11/2023,17.9305
06/11/2023,17.9305
07/11/2023,17.4117
08/11/2023,17.5308
09/11/2023,17.5097
10/11/2023,17.5017
11/11/2023,17.4888
12/11/2023,17.4888
13/11/2023,17.4888
14/11/2023,17.748
15/11/2023,17.6138
16/11/2023,17.3917
17/11/2023,17.3387
18/11/2023,17.2708
19/11/2023,17.2708
20/11/2023,17.2708
21/11/2023,17.2708
22/11/2023,17.2175
23/11/2023,17.2102
24/11/2023,17.2133
25/11/2023,17.1787
26/11/2023,17.1787
27/11/2023,17.1787
28/11/2023,17.1268
29/11/2023,17.1555
30/11/2023,17.1357
01/12/2023,17.187
02/12/2023,17.373
03/12/2023,17.373
04/12/2023,17.373
05/12/2023,17.2143
06/12/2023,17.406
07/12/2023,17.4215
08/12/2023,17.2685
09/12/2023,17.4197
10/12/2023,17.4197
11/12/2023,17.4197
12/12/2023,17.3688
13/12/2023,17.3688
14/12/2023,17.447
15/12/2023,17.398
16/12/2023,17.299
17/12/2023,17.299
18/12/2023,17.299
19/12/2023,17.1908
20/12/2023,17.2277
21/12/2023,17.0652
22/12/2023,17.0673
23/12/2023,17.059
24/12/2023,17.059
25/12/2023,17.059
26/12/2023,17.059
27/12/2023,16.9738
28/12/2023,16.9727
29/12/2023,16.922
30/12/2023,16.8935
31/12/2023,16.8935
01/01/2024,16.8935
02/01/2024,16.8935
03/01/2024,16.919
04/01/2024,17.0297
05/01/2024,17.0492
06/01/2024,17.0458
07/01/2024,17.0458
08/01/2024,17.0458
09/01/2024,16.8987
10/01/2024,16.8133
11/01/2024,16.9347
12/01/2024,16.9912
13/01/2024,16.9898
14/01/2024,16.9898
15/01/2024,16.9898
16/01/2024,16.858
17/01/2024,16.8983
18/01/2024,17.1598
19/01/2024,17.2957
20/01/2024,17.1995
21/01/2024,17.1995
22/01/2024,17.1995
23/01/2024,17.1325
24/01/2024,17.1125
25/01/2024,17.352
26/01/2024,17.1673
27/01/2024,17.2375
28/01/2024,17.2375
29/01/2024,17.2375
30/01/2024,17.1657
31/01/2024,17.2333
01/02/2024,17.1932
02/02/2024,17.1633
03/02/2024,17.1335
04/02/2024,17.1335
05/02/2024,17.1335
06/02/2024,17.1335
07/02/2024,17.1447
08/02/2024,17.0357
09/02/2024,17.0398
10/02/2024,17.1023
11/02/2024,17.1023
12/02/2024,17.1023
13/02/2024,17.0855
14/02/2024,17.068
15/02/2024,17.1982
16/02/2024,17.1105
17/02/2024,17.068
18/02/2024,17.068
19/02/2024,17.068
20/02/2024,17.0602
21/02/2024,17.05
22/02/2024,17.0458
23/02/2024,17.0603
24/02/2024,17.121
25/02/2024,17.121
26/02/2024,17.121
27/02/2024,17.126
28/02/2024,17.126
29/02/2024,17.0605
01/03/2024,17.0962
02/03/2024,17.0633
03/03/2024,17.0633
04/03/2024,17.0633
05/03/2024,17.0217
06/03/2024,16.9828
07/03/2024,16.9257
08/03/2024,16.8728
09/03/2024,16.877
10/03/2024,16.877
11/03/2024,16.877
12/03/2024,16.7985
13/03/2024,16.8083
14/03/2024,16.8272
15/03/2024,16.7127
16/03/2024,16.692
17/03/2024,16.692
18/03/2024,16.692
19/03/2024,16.692
20/03/2024,16.71
21/03/2024,16.8523
22/03/2024,16.759
23/03/2024,16.762
24/03/2024,16.762
25/03/2024,16.762
26/03/2024,16.7367
27/03/2024,16.7032
28/03/2024,16.678
29/03/2024,16.678
30/03/2024,16.678
31/03/2024,16.678
01/04/2024,16.678
02/04/2024,16.5323
03/04/2024,16.6578
04/04/2024,16.5673
05/04/2024,16.5415
06/04/2024,16.5173
07/04/2024,16.5173
08/04/2024,16.5173
09/04/2024,16.4758
10/04/2024,16.3357
11/04/2024,16.3932
12/04/2024,16.4883
13/04/2024,16.4583
14/04/2024,16.4583
15/04/2024,16.4583
16/04/2024,16.6693
17/04/2024,16.6815
18/04/2024,17.0252
19/04/2024,16.9948
20/04/2024,17.1145
21/04/2024,17.1145
22/04/2024,17.1145
23/04/2024,17.212
24/04/2024,17.1243
25/04/2024,16.9995
26/04/2024,17.1098
27/04/2024,17.1883
28/04/2024,17.1883
29/04/2024,17.1883
30/04/2024,17.1552
01/05/2024,17.0243
02/05/2024,17.0243
03/05/2024,17.0958
04/05/2024,16.9393
05/05/2024,16.9393
06/05/2024,16.9393
07/05/2024,17.0042
08/05/2024,16.8947
09/05/2024,16.9083
10/05/2024,16.9087
11/05/2024,16.866
12/05/2024,16.866
13/05/2024,16.866
14/05/2024,16.769
15/05/2024,16.8072
16/05/2024,16.846
17/05/2024,16.6782
18/05/2024,16.6893
19/05/2024,16.6893
20/05/2024,16.6893
21/05/2024,16.6217
22/05/2024,16.5668
23/05/2024,16.6138
24/05/2024,16.6405
25/05/2024,16.6945
26/05/2024,16.6945
27/05/2024,16.6945
28/05/2024,16.7023
29/05/2024,16.6568
30/05/2024,16.7457
31/05/2024,16.95
01/06/2024,16.9377
02/06/2024,16.9377
03/06/2024,16.9377
04/06/2024,17.0177
05/06/2024,17.6338
06/06/2024,17.8607
07/06/2024,17.5592
08/06/2024,17.5335
09/06/2024,17.5335
10/06/2024,17.5335
11/06/2024,18.2622
12/06/2024,18.3848
13/06/2024,18.4457
14/06/2024,18.7832
15/06/2024,18.5385
16/06/2024,18.5385
17/06/2024,18.5385
18/06/2024,18.4512
19/06/2024,18.5248
20/06/2024,18.4128
21/06/2024,18.423
22/06/2024,18.4027
23/06/2024,18.4027
24/06/2024,18.4027
25/06/2024,18.1848
26/06/2024,17.9627
27/06/2024,18.1372
28/06/2024,18.2215
29/06/2024,18.3773
30/06/2024,18.3773
01/07/2024,18.3773
02/07/2024,18.2478
03/07/2024,18.3897
04/07/2024,18.2485
05/07/2024,18.1355
06/07/2024,18.0958
07/07/2024,18.0958
08/07/2024,18.0958
09/07/2024,18.0977
10/07/2024,18.0095
11/07/2024,17.9428
12/07/2024,17.8288
13/07/2024,17.8192
14/07/2024,17.8192
15/07/2024,17.8192
16/07/2024,17.6502
17/07/2024,17.7837
18/07/2024,17.6795
19/07/2024,17.7438
20/07/2024,17.8907
21/07/2024,17.8907
22/07/2024,17.8907
23/07/2024,17.997
24/07/2024,17.9107
25/07/2024,18.0987
26/07/2024,18.3458
27/07/2024,18.385
28/07/2024,18.385
29/07/2024,18.385
30/07/2024,18.4475
31/07/2024,18.6818
01/08/2024,18.79
02/08/2024,18.597
03/08/2024,18.706
04/08/2024,18.706
05/08/2024,18.706
06/08/2024,19.0442
07/08/2024,19.3905
08/08/2024,19.33
09/08/2024,19.189
10/08/2024,19.09
11/08/2024,19.09
12/08/2024,19.09
13/08/2024,18.8368
14/08/2024,19.032
15/08/2024,19.0387
16/08/2024,18.8478
17/08/2024,18.6513
18/08/2024,18.6513
19/08/2024,18.6513
20/08/2024,18.6228
21/08/2024,18.7357
22/08/2024,18.9448
23/08/2024,19.2535
24/08/2024,19.4235
25/08/2024,19.4235
26/08/2024,19.4235
27/08/2024,19.0708
28/08/2024,19.382
29/08/2024,19.6692
30/08/2024,19.6037
31/08/2024,19.8168
01/09/2024,19.8168
02/09/2024,19.8168
03/09/2024,19.6535
04/09/2024,19.798
05/09/2024,19.8335
06/09/2024,19.846
07/09/2024,20.0028
08/09/2024,20.0028
09/09/2024,20.0028
10/09/2024,20.0172
11/09/2024,19.8798
12/09/2024,20.0583
13/09/2024,19.839
14/09/2024,19.5887
15/09/2024,19.5887
16/09/2024,19.5887
17/09/2024,19.5887
18/09/2024,19.2483
19/09/2024,19.267
20/09/2024,19.3033
21/09/2024,19.2773
22/09/2024,19.2773
23/09/2024,19.2773
24/09/2024,19.3725
25/09/2024,19.415
26/09/2024,19.3562
27/09/2024,19.587
28/09/2024,19.629
29/09/2024,19.629
30/09/2024,19.629
01/10/2024,19.6697
02/10/2024,19.6697
03/10/2024,19.644
04/10/2024,19.3885
05/10/2024,19.4678
06/10/2024,19.4678
07/10/2024,19.4678
08/10/2024,19.2127
09/10/2024,19.3388
10/10/2024,19.3532
11/10/2024,19.4175
12/10/2024,19.5113
13/10/2024,19.5113
14/10/2024,19.5113
15/10/2024,19.3983
16/10/2024,19.342
17/10/2024,19.62
18/10/2024,19.8925
19/10/2024,19.9313
20/10/2024,19.9313
21/10/2024,19.9313
22/10/2024,19.8325
23/10/2024,20.0075
24/10/2024,19.8985
25/10/2024,19.9338
26/10/2024,19.8385
27/10/2024,19.8385
28/10/2024,19.8385
29/10/2024,19.9303
30/10/2024,20.0007
31/10/2024,20.0208
01/11/2024,20.1617
02/11/2024,20.0378
03/11/2024,20.0378
04/11/2024,20.0378
05/11/2024,20.0908
06/11/2024,20.0367
07/11/2024,20.2695
08/11/2024,20.3093
09/11/2024,19.8277
10/11/2024,19.8277
11/11/2024,19.8277
12/11/2024,20.1332
13/11/2024,20.4502
14/11/2024,20.5693
15/11/2024,20.6025
16/11/2024,20.494
17/11/2024,20.494
18/11/2024,20.494
19/11/2024,20.494
20/11/2024,20.3887
21/11/2024,20.1848
22/11/2024,20.2903
23/11/2024,20.3775
24/11/2024,20.3775
25/11/2024,20.3775
26/11/2024,20.4872
27/11/2024,20.2993
28/11/2024,20.7185
29/11/2024,20.6418
30/11/2024,20.4173
01/12/2024,20.4173
02/12/2024,20.4173
03/12/2024,20.3212
04/12/2024,20.4357
05/12/2024,20.3233
06/12/2024,20.283
07/12/2024,20.1963
08/12/2024,20.1963
09/12/2024,20.1963
10/12/2024,20.2275
11/12/2024,20.1547
12/12/2024,20.2485
13/12/2024,20.2485
14/12/2024,20.1647
15/12/2024,20.1647
16/12/2024,20.1647
17/12/2024,20.142
18/12/2024,20.1448
19/12/2024,20.2363
20/12/2024,20.1395
21/12/2024,20.4402
22/12/2024,20.4402
23/12/2024,20.4402
24/12/2024,20.1035
25/12/2024,20.1948
26/12/2024,20.1948
27/12/2024,20.1558
28/12/2024,20.1657
29/12/2024,20.1657
30/12/2024,20.1657
31/12/2024,20.2683
01/01/2025,20.5103
02/01/2025,20.5103
03/01/2025,20.7862
04/01/2025,20.6917
05/01/2025,20.6917
06/01/2025,20.6917
07/01/2025,20.6708
08/01/2025,20.3195
09/01/2025,20.344
10/01/2025,20.3823
11/01/2025,20.4742
12/01/2025,20.4742
13/01/2025,20.4742
14/01/2025,20.7045
15/01/2025,20.8012
16/01/2025,20.482
17/01/2025,20.4875
18/01/2025,20.7732
19/01/2025,20.7732
20/01/2025,20.7732
21/01/2025,20.718
22/01/2025,20.543
23/01/2025,20.6358
24/01/2025,20.5397
25/01/2025,20.3943
26/01/2025,20.3943
27/01/2025,20.3943
28/01/2025,20.2255
29/01/2025,20.7002
30/01/2025,20.5668
31/01/2025,20.5677
01/02/2025,20.4497
02/02/2025,20.4497
03/02/2025,20.4497
04/02/2025,20.4497
05/02/2025,20.6068
06/02/2025,20.4268
07/02/2025,20.6363
08/02/2025,20.5125
09/02/2025,20.5125
10/02/2025,20.5125
11/02/2025,20.5512
12/02/2025,20.6693
13/02/2025,20.568
14/02/2025,20.4917
15/02/2025,20.4978
16/02/2025,20.4978
17/02/2025,20.4978
18/02/2025,20.3082
19/02/2025,20.283
20/02/2025,20.2617
21/02/2025,20.4208
22/02/2025,20.3733
23/02/2025,20.3733
24/02/2025,20.3733
25/02/2025,20.3448
26/02/2025,20.464
27/02/2025,20.4683
28/02/2025,20.4277
01/03/2025,20.4722
02/03/2025,20.4722
03/03/2025,20.4722
04/03/2025,20.508
05/03/2025,20.4333
06/03/2025,20.8518
07/03/2025,20.3893
08/03/2025,20.2777
09/03/2025,20.2777
10/03/2025,20.2777
11/03/2025,20.283
12/03/2025,20.2922
13/03/2025,20.3388
14/03/2025,20.1828
15/03/2025,20.0848
16/03/2025,20.0848
17/03/2025,20.0848
18/03/2025,20.0848
19/03/2025,19.8693
20/03/2025,19.9845
21/03/2025,20.0553
22/03/2025,20.1345
23/03/2025,20.1345
24/03/2025,20.1345
25/03/2025,20.2163
26/03/2025,20.1123
27/03/2025,20.0762
28/03/2025,20.0963
29/03/2025,20.3182
30/03/2025,20.3182
31/03/2025,20.3182
01/04/2025,20.4003
02/04/2025,20.438
03/04/2025,20.3587
04/04/2025,20.4568
05/04/2025,19.9708
06/04/2025,19.9708
07/04/2025,19.9708
08/04/2025,20.501
09/04/2025,20.6947
10/04/2025,20.6867
11/04/2025,20.7653
12/04/2025,20.492
13/04/2025,20.492
14/04/2025,20.492
15/04/2025,20.3363
16/04/2025,20.1025
17/04/2025,20.0213
18/04/2025,20.0213
19/04/2025,20.0213
20/04/2025,20.0213
21/04/2025,20.0213
22/04/2025,19.9737
23/04/2025,19.6718
24/04/2025,19.5688
25/04/2025,19.6278
26/04/2025,19.5825
27/04/2025,19.5825
28/04/2025,19.5825
29/04/2025,19.5478
30/04/2025,19.5723
01/05/2025,19.5868
02/05/2025,19.5868
03/05/2025,19.6095
04/05/2025,19.6095
05/05/2025,19.6095
06/05/2025,19.657
07/05/2025,19.6365
08/05/2025,19.6785
09/05/2025,19.588
10/05/2025,19.5642
11/05/2025,19.5642
12/05/2025,19.5642
13/05/2025,19.4912
14/05/2025,19.6162
15/05/2025,19.4373
16/05/2025,19.363
17/05/2025,19.478
18/05/2025,19.478
19/05/2025,19.478
20/05/2025,19.5147
21/05/2025,19.3723
22/05/2025,19.2648
23/05/2025,19.3198
24/05/2025,19.3227
25/05/2025,19.3227
26/05/2025,19.3227
27/05/2025,19.2748
28/05/2025,19.2188
29/05/2025,19.2338
30/05/2025,19.4
31/05/2025,19.328
01/06/2025,19.328
02/06/2025,19.328
03/06/2025,19.3858
04/06/2025,19.2338
05/06/2025,19.2638
06/06/2025,19.1932
07/06/2025,19.17
08/06/2025,19.17
09/06/2025,19.17
10/06/2025,19.1317
11/06/2025,19.0595
12/06/2025,19.0518
13/06/2025,18.879
14/06/2025,18.9068
15/06/2025,18.9068
16/06/2025,18.9068
17/06/2025,18.9302
18/06/2025,18.9083
19/06/2025,18.9872
20/06/2025,19.0047
21/06/2025,19.0898
22/06/2025,19.0898
23/06/2025,19.0898
24/06/2025,19.1458
25/06/2025,19.1527
26/06/2025,19.0267
27/06/2025,18.9203
28/06/2025,18.8928
29/06/2025,18.8928
30/06/2025,18.8928
01/07/2025,18.8483
02/07/2025,18.8332
03/07/2025,18.765
04/07/2025,18.754
05/07/2025,18.6652
06/07/2025,18.6652
07/07/2025,18.6652
08/07/2025,18.6327
09/07/2025,18.6698
10/07/2025,18.714
11/07/2025,18.5733
12/07/2025,18.6267
13/07/2025,18.6267
14/07/2025,18.6267
15/07/2025,18.6595
16/07/2025,18.751
17/07/2025,18.8397
18/07/2025,18.7178
19/07/2025,18.7685
20/07/2025,18.7685
21/07/2025,18.7685
22/07/2025,18.72
23/07/2025,18.6455
24/07/2025,18.6212
25/07/2025,18.5735
26/07/2025,18.5538
27/07/2025,18.5538
28/07/2025,18.5538
29/07/2025,18.557
30/07/2025,18.7267
31/07/2025,18.7642
01/08/2025,18.796
02/08/2025,18.7963
03/08/2025,18.7963
04/08/2025,18.7963
05/08/2025,18.916
06/08/2025,18.8783
07/08/2025,18.762
08/08/2025,18.6192
09/08/2025,18.6765
10/08/2025,18.6765
11/08/2025,18.6765
12/08/2025,18.5518
13/08/2025,18.6683
14/08/2025,18.5657
15/08/2025,18.6353
16/08/2025,18.8137
17/08/2025,18.8137
18/08/2025,18.8137
19/08/2025,18.7295
20/08/2025,18.784
21/08/2025,18.7982
22/08/2025,18.7572
23/08/2025,18.7737
24/08/2025,18.7737
25/08/2025,18.7737
26/08/2025,18.595
27/08/2025,18.6368
28/08/2025,18.6843
29/08/2025,18.6912
30/08/2025,18.6522
31/08/2025,18.6522
01/09/2025,18.6522
02/09/2025,18.644
03/09/2025,18.646
04/09/2025,18.7072
05/09/2025,18.6873
06/09/2025,18.7577
07/09/2025,18.7577
08/09/2025,18.7577
09/09/2025,18.6792
10/09/2025,18.655
11/09/2025,18.6353
12/09/2025,18.592
13/09/2025,18.5287
14/09/2025,18.5287
15/09/2025,18.5287
16/09/2025,18.4757
17/09/2025,18.4757
18/09/2025,18.3635
19/09/2025,18.3257
20/09/2025,18.361
21/09/2025,18.361
22/09/2025,18.361
23/09/2025,18.3892
24/09/2025,18.4082
25/09/2025,18.3232
26/09/2025,18.4312
27/09/2025,18.4457
28/09/2025,18.4457
29/09/2025,18.4457
30/09/2025,18.3825
01/10/2025,18.3507
02/10/2025,18.3342
03/10/2025,18.3477
04/10/2025,18.4843
05/10/2025,18.4843
06/10/2025,18.4843
07/10/2025,18.3902
08/10/2025,18.3528
09/10/2025,18.3762
10/10/2025,18.3477
11/10/2025,18.383
12/10/2025,18.383
13/10/2025,18.383
14/10/2025,18.5567
15/10/2025,18.44
16/10/2025,18.522
17/10/2025,18.4808
18/10/2025,18.4108
19/10/2025,18.4108
20/10/2025,18.4108
21/10/2025,18.407
22/10/2025,18.4032
23/10/2025,18.4252
24/10/2025,18.4333
